지점,지점명,일시,평균기온(°C),일강수량(mm)
108,서울,2024-07-01,26.3,
108,서울,2024-07-02,23.2,65.1
108,서울,2024-07-03,24.7,.8
108,서울,2024-07-04,26.8,3.6
108,서울,2024-07-05,23.4,4.1
108,서울,2024-07-06,25.1,2.8
108,서울,2024-07-07,24.4,28.7
108,서울,2024-07-08,23.8,21.1
108,서울,2024-07-09,24.5,.3
108,서울,2024-07-10,26.6,1.4
108,서울,2024-07-11,25.7,
108,서울,2024-07-12,25.6,
108,서울,2024-07-13,28.1,0
108,서울,2024-07-14,28.4,.4
108,서울,2024-07-15,28.4,0
108,서울,2024-07-16,27,17
108,서울,2024-07-17,25.4,98.8
108,서울,2024-07-18,24.3,128.8
108,서울,2024-07-19,27,.1
108,서울,2024-07-20,27.2,14.9
108,서울,2024-07-21,26.5,8.5
108,서울,2024-07-22,26.6,79.9
108,서울,2024-07-23,26.4,2
108,서울,2024-07-24,28.1,14.7
108,서울,2024-07-25,28.8,25.3
108,서울,2024-07-26,28.7,5.5
108,서울,2024-07-27,28.9,33.5
108,서울,2024-07-28,29.2,0
108,서울,2024-07-29,27.4,0
108,서울,2024-07-30,28.6,
108,서울,2024-07-31,29.4,
108,서울,2024-08-01,29.9,.3
108,서울,2024-08-02,29.6,
108,서울,2024-08-03,30.2,
108,서울,2024-08-04,31.8,
108,서울,2024-08-05,30,1.3
108,서울,2024-08-06,29.5,0
108,서울,2024-08-07,29.6,3.4
108,서울,2024-08-08,28.5,0
108,서울,2024-08-09,29.3,
108,서울,2024-08-10,30,
108,서울,2024-08-11,30.8,
108,서울,2024-08-12,31.1,
108,서울,2024-08-13,31.3,0
108,서울,2024-08-14,30,3
108,서울,2024-08-15,29.2,6.4
108,서울,2024-08-16,29.8,0
108,서울,2024-08-17,29.8,11
108,서울,2024-08-18,29.5,0
108,서울,2024-08-19,29.7,2.3
108,서울,2024-08-20,31.4,0
108,서울,2024-08-21,28.4,42.2
108,서울,2024-08-22,28.6,.6
108,서울,2024-08-23,28.4,0
108,서울,2024-08-24,27.6,2
108,서울,2024-08-25,28.5,
108,서울,2024-08-26,28.1,0
108,서울,2024-08-27,26.5,.3
108,서울,2024-08-28,28.2,
108,서울,2024-08-29,28.4,
108,서울,2024-08-30,28,
108,서울,2024-08-31,27.6,
108,서울,2024-09-01,27.1,
108,서울,2024-09-02,24.5,2.7
108,서울,2024-09-03,27,
108,서울,2024-09-04,27.9,
108,서울,2024-09-05,26.3,6.9
108,서울,2024-09-06,24,.7
108,서울,2024-09-07,26.5,0
108,서울,2024-09-08,27.2,
108,서울,2024-09-09,28.5,
108,서울,2024-09-10,29.4,
108,서울,2024-09-11,29,.4
108,서울,2024-09-12,25.4,32.7
108,서울,2024-09-13,25.9,7.6
108,서울,2024-09-14,28,0
108,서울,2024-09-15,27.5,
108,서울,2024-09-16,26.8,9.5
108,서울,2024-09-17,28.6,
108,서울,2024-09-18,29.4,.7
108,서울,2024-09-19,29.1,
108,서울,2024-09-20,25,54.5
108,서울,2024-09-21,19.3,27
108,서울,2024-09-22,21,
108,서울,2024-09-23,20.8,
108,서울,2024-09-24,21,
108,서울,2024-09-25,23.3,0
108,서울,2024-09-26,23.6,1.2
108,서울,2024-09-27,22.7,
108,서울,2024-09-28,23.2,
108,서울,2024-09-29,23.5,
108,서울,2024-09-30,23,
108,서울,2024-10-01,18.3,2.5
108,서울,2024-10-02,14.9,
108,서울,2024-10-03,16.4,
108,서울,2024-10-04,17.6,
108,서울,2024-10-05,17.5,
108,서울,2024-10-06,15.4,0
108,서울,2024-10-07,16.9,
108,서울,2024-10-08,17.7,
108,서울,2024-10-09,18.8,
108,서울,2024-10-10,18.8,0
108,서울,2024-10-11,18.6,
108,서울,2024-10-12,18.3,
108,서울,2024-10-13,18.3,
108,서울,2024-10-14,19.3,0
108,서울,2024-10-15,19.2,.5
108,서울,2024-10-16,18.2,
108,서울,2024-10-17,19,
108,서울,2024-10-18,17.4,47.1
108,서울,2024-10-19,16.6,1
108,서울,2024-10-20,13.4,
108,서울,2024-10-21,14.8,0
108,서울,2024-10-22,15.5,20.6
108,서울,2024-10-23,12.7,2.3
108,서울,2024-10-24,12.5,
108,서울,2024-10-25,14.9,
108,서울,2024-10-26,17,
108,서울,2024-10-27,16,0
108,서울,2024-10-28,15.7,0
108,서울,2024-10-29,15,0
108,서울,2024-10-30,15.7,
108,서울,2024-10-31,15.9,
108,서울,2024-11-01,15.3,
108,서울,2024-11-02,18.1,
108,서울,2024-11-03,17.6,0
108,서울,2024-11-04,14.8,.1
108,서울,2024-11-05,9.1,
108,서울,2024-11-06,7.5,
108,서울,2024-11-07,7.8,
108,서울,2024-11-08,10.2,
108,서울,2024-11-09,12.9,
108,서울,2024-11-10,14.4,
108,서울,2024-11-11,14.6,
108,서울,2024-11-12,14.3,
108,서울,2024-11-13,14.2,
108,서울,2024-11-14,14.8,.1
108,서울,2024-11-15,17,0
108,서울,2024-11-16,17,6.5
108,서울,2024-11-17,7,
108,서울,2024-11-18,2.8,
108,서울,2024-11-19,5.7,
108,서울,2024-11-20,6.5,
108,서울,2024-11-21,9.7,0
108,서울,2024-11-22,6.2,
108,서울,2024-11-23,6.4,
108,서울,2024-11-24,7.4,
108,서울,2024-11-25,10.1,0
108,서울,2024-11-26,5.8,26
108,서울,2024-11-27,-.4,22.4
108,서울,2024-11-28,.8,4.9
108,서울,2024-11-29,.2,0
108,서울,2024-11-30,2.5,0
108,서울,2024-12-01,5.2,.5
108,서울,2024-12-02,6.4,0
108,서울,2024-12-03,1.3,0
108,서울,2024-12-04,3.1,0
108,서울,2024-12-05,3.9,1.8
108,서울,2024-12-06,2.1,
108,서울,2024-12-07,.2,
108,서울,2024-12-08,-.2,
108,서울,2024-12-09,1,
108,서울,2024-12-10,2.6,
108,서울,2024-12-11,3,
108,서울,2024-12-12,.5,
108,서울,2024-12-13,1,
108,서울,2024-12-14,-.8,
108,서울,2024-12-15,1.2,0
108,서울,2024-12-16,-.2,0
108,서울,2024-12-17,-.8,
108,서울,2024-12-18,-3.4,
108,서울,2024-12-19,-1.4,
108,서울,2024-12-20,1.4,.4
108,서울,2024-12-21,-.7,2.9
108,서울,2024-12-22,-3.4,
108,서울,2024-12-23,.3,
108,서울,2024-12-24,-.4,
108,서울,2024-12-25,2.7,.1
108,서울,2024-12-26,.1,0
108,서울,2024-12-27,-2.6,0
108,서울,2024-12-28,-3,
108,서울,2024-12-29,1.1,
108,서울,2024-12-30,5.5,0
108,서울,2024-12-31,.6,0
108,서울,2025-01-01,2.6,
108,서울,2025-01-02,.5,
108,서울,2025-01-03,-1.1,0
108,서울,2025-01-04,-.1,
108,서울,2025-01-05,1.2,6.7
108,서울,2025-01-06,1,3
108,서울,2025-01-07,-2.6,.1
108,서울,2025-01-08,-3.4,0
108,서울,2025-01-09,-9.7,0
108,서울,2025-01-10,-7.3,
108,서울,2025-01-11,-5.1,
108,서울,2025-01-12,-3.4,
108,서울,2025-01-13,-.4,1.3
108,서울,2025-01-14,2.3,.1
108,서울,2025-01-15,-3.5,
108,서울,2025-01-16,-.5,0
108,서울,2025-01-17,-.5,
108,서울,2025-01-18,1,
108,서울,2025-01-19,3.8,
108,서울,2025-01-20,3.9,0
108,서울,2025-01-21,2.4,
108,서울,2025-01-22,3.6,
108,서울,2025-01-23,2,
108,서울,2025-01-24,3.1,
108,서울,2025-01-25,5.2,
108,서울,2025-01-26,4.6,
108,서울,2025-01-27,.2,5.6
108,서울,2025-01-28,-3.9,.1
108,서울,2025-01-29,-4.6,.2
108,서울,2025-01-30,-3.8,
108,서울,2025-01-31,-.8,2.4
108,서울,2025-02-01,1.6,
108,서울,2025-02-02,1.5,0
108,서울,2025-02-03,-4.1,
108,서울,2025-02-04,-9,
108,서울,2025-02-05,-8.6,
108,서울,2025-02-06,-5.6,2.3
108,서울,2025-02-07,-8,.4
108,서울,2025-02-08,-7.9,
108,서울,2025-02-09,-4.7,
108,서울,2025-02-10,-2.6,0
108,서울,2025-02-11,.5,
108,서울,2025-02-12,.5,2.5
108,서울,2025-02-13,.2,
108,서울,2025-02-14,3.7,
108,서울,2025-02-15,4.1,
108,서울,2025-02-16,4.3,
108,서울,2025-02-17,-.3,
108,서울,2025-02-18,-2.3,
108,서울,2025-02-19,-3,
108,서울,2025-02-20,-2.9,
108,서울,2025-02-21,-2.5,
108,서울,2025-02-22,-2.3,
108,서울,2025-02-23,-3.6,
108,서울,2025-02-24,-1.3,
108,서울,2025-02-25,2.1,
108,서울,2025-02-26,3.7,
108,서울,2025-02-27,5.8,
108,서울,2025-02-28,7.8,
108,서울,2025-03-01,8.5,.6
108,서울,2025-03-02,8.3,11.8
108,서울,2025-03-03,3.1,10.4
108,서울,2025-03-04,2.5,4
108,서울,2025-03-05,4.8,0
108,서울,2025-03-06,4.8,
108,서울,2025-03-07,5.3,
108,서울,2025-03-08,5.8,
108,서울,2025-03-09,6.9,
108,서울,2025-03-10,8,
108,서울,2025-03-11,9.4,
108,서울,2025-03-12,8.5,0
108,서울,2025-03-13,8.9,
108,서울,2025-03-14,12.4,
108,서울,2025-03-15,12.6,0
108,서울,2025-03-16,4.9,.8
108,서울,2025-03-17,2.5,.4
108,서울,2025-03-18,2.1,9.9
108,서울,2025-03-19,2.4,
108,서울,2025-03-20,8.2,
108,서울,2025-03-21,11.6,
108,서울,2025-03-22,12.8,
108,서울,2025-03-23,15.2,
108,서울,2025-03-24,15.5,0
108,서울,2025-03-25,12.7,
108,서울,2025-03-26,15.5,
108,서울,2025-03-27,13.7,.3
108,서울,2025-03-28,6.5,
108,서울,2025-03-29,3.3,0
108,서울,2025-03-30,3.3,0
108,서울,2025-03-31,7.7,
108,서울,2025-04-01,10.1,
108,서울,2025-04-02,8.9,0
108,서울,2025-04-03,9.8,
108,서울,2025-04-04,10.6,
108,서울,2025-04-05,8,22.8
108,서울,2025-04-06,10.3,0
108,서울,2025-04-07,13.5,
108,서울,2025-04-08,13.8,
108,서울,2025-04-09,12.7,.8
108,서울,2025-04-10,13.2,0
108,서울,2025-04-11,16.2,
108,서울,2025-04-12,12.9,15.4
108,서울,2025-04-13,5.5,4.2
108,서울,2025-04-14,4.4,7.4
108,서울,2025-04-15,8.2,
108,서울,2025-04-16,14.6,
108,서울,2025-04-17,19.7,
108,서울,2025-04-18,18.6,0
108,서울,2025-04-19,15.3,9.2
108,서울,2025-04-20,16.7,
108,서울,2025-04-21,20.7,
108,서울,2025-04-22,17.8,34.8
108,서울,2025-04-23,16.8,
108,서울,2025-04-24,14.7,
108,서울,2025-04-25,12.5,
108,서울,2025-04-26,13.8,
108,서울,2025-04-27,14.9,
108,서울,2025-04-28,15.1,
108,서울,2025-04-29,14.8,
108,서울,2025-04-30,18.4,
108,서울,2025-05-01,14.7,21.1
108,서울,2025-05-02,13.4,0
108,서울,2025-05-03,11.2,7.3
108,서울,2025-05-04,13.7,
108,서울,2025-05-05,12.1,
108,서울,2025-05-06,14.4,
108,서울,2025-05-07,14.9,
108,서울,2025-05-08,17.4,
108,서울,2025-05-09,15.1,17.6
108,서울,2025-05-10,12.3,14.1
108,서울,2025-05-11,14.7,0
108,서울,2025-05-12,17,
108,서울,2025-05-13,19.9,
108,서울,2025-05-14,21,
108,서울,2025-05-15,19.5,1.1
108,서울,2025-05-16,19.4,51.3
108,서울,2025-05-17,18.3,2.2
108,서울,2025-05-18,15.6,
108,서울,2025-05-19,16.1,1.6
108,서울,2025-05-20,22.2,1
108,서울,2025-05-21,25.5,
108,서울,2025-05-22,23.9,.8
108,서울,2025-05-23,19.4,1.2
108,서울,2025-05-24,15.6,4.3
108,서울,2025-05-25,17.4,
108,서울,2025-05-26,19.7,
108,서울,2025-05-27,20.8,
108,서울,2025-05-28,20.8,0
108,서울,2025-05-29,21.2,
108,서울,2025-05-30,22.2,
108,서울,2025-05-31,21.5,
108,서울,2025-06-01,22.6,
108,서울,2025-06-02,21,0
108,서울,2025-06-03,20.9,
108,서울,2025-06-04,20.5,
108,서울,2025-06-05,21.7,
108,서울,2025-06-06,24.1,
108,서울,2025-06-07,23.7,.1
108,서울,2025-06-08,25.1,.6
108,서울,2025-06-09,24.2,0
108,서울,2025-06-10,21.7,0
108,서울,2025-06-11,22.7,
108,서울,2025-06-12,25.5,
108,서울,2025-06-13,24,1.5
108,서울,2025-06-14,25.6,
108,서울,2025-06-15,26.3,11.8
108,서울,2025-06-16,23,20
108,서울,2025-06-17,24.8,
108,서울,2025-06-18,25.5,
108,서울,2025-06-19,28.1,.8
108,서울,2025-06-20,24.1,51.1
108,서울,2025-06-21,22,.2
108,서울,2025-06-22,23.3,
108,서울,2025-06-23,26.1,
108,서울,2025-06-24,25,2.3
108,서울,2025-06-25,20.9,8
108,서울,2025-06-26,22.2,1.1
108,서울,2025-06-27,25,0
108,서울,2025-06-28,26.2,.6
108,서울,2025-06-29,27.1,0
108,서울,2025-06-30,28.2,
108,서울,2025-07-01,28.6,.9
108,서울,2025-07-02,28.6,0
108,서울,2025-07-03,28.3,0
108,서울,2025-07-04,27.2,0
108,서울,2025-07-05,28.4,
108,서울,2025-07-06,29.1,
108,서울,2025-07-07,29.1,
108,서울,2025-07-08,31.3,11.8
108,서울,2025-07-09,31.9,
108,서울,2025-07-10,31.4,
108,서울,2025-07-11,30.2,
108,서울,2025-07-12,30.3,
108,서울,2025-07-13,27.7,0
108,서울,2025-07-14,24.2,13.6
108,서울,2025-07-15,23.6,4
108,서울,2025-07-16,23.3,73.1
108,서울,2025-07-17,23.3,75.5
108,서울,2025-07-18,24.7,16.1
108,서울,2025-07-19,23.9,84
108,서울,2025-07-20,27.7,14.8
108,서울,2025-07-21,28.5,0
108,서울,2025-07-22,28.8,.1
108,서울,2025-07-23,28.9,
108,서울,2025-07-24,29.8,
108,서울,2025-07-25,31.1,
108,서울,2025-07-26,32.3,
108,서울,2025-07-27,32.8,
108,서울,2025-07-28,32.2,
108,서울,2025-07-29,32,
108,서울,2025-07-30,32.1,
108,서울,2025-07-31,30.9,
108,서울,2025-08-01,31,0
108,서울,2025-08-02,31.2,
108,서울,2025-08-03,28.8,1.3
108,서울,2025-08-04,28.1,1.9
108,서울,2025-08-05,29.1,
108,서울,2025-08-06,27.1,22
108,서울,2025-08-07,28.2,
108,서울,2025-08-08,26.6,6.3
108,서울,2025-08-09,24.9,3.5
108,서울,2025-08-10,27.3,
108,서울,2025-08-11,27,0
108,서울,2025-08-12,28.6,
108,서울,2025-08-13,25.1,126.7
108,서울,2025-08-14,25.5,47.8
108,서울,2025-08-15,27.1,0
108,서울,2025-08-16,28.2,
108,서울,2025-08-17,28.4,
108,서울,2025-08-18,28.9,2.2
108,서울,2025-08-19,29.1,
108,서울,2025-08-20,29.4,0
108,서울,2025-08-21,29.8,
108,서울,2025-08-22,29.4,
108,서울,2025-08-23,29.3,
108,서울,2025-08-24,30.2,
108,서울,2025-08-25,28.7,17.1
108,서울,2025-08-26,27.6,5.4
108,서울,2025-08-27,26.7,
108,서울,2025-08-28,28.3,
108,서울,2025-08-29,29,32.2
108,서울,2025-08-30,28.4,23.9
108,서울,2025-08-31,28.5,0
133,대전,2024-07-01,26.2,
133,대전,2024-07-02,24,57
133,대전,2024-07-03,25.7,31.9
133,대전,2024-07-04,28.1,
133,대전,2024-07-05,25.8,3.9
133,대전,2024-07-06,27.5,.1
133,대전,2024-07-07,25.5,36.2
133,대전,2024-07-08,23.9,137.5
133,대전,2024-07-09,23.1,15.3
133,대전,2024-07-10,23.4,88.6
133,대전,2024-07-11,24.4,2.4
133,대전,2024-07-12,26,
133,대전,2024-07-13,26.3,4.9
133,대전,2024-07-14,26.2,
133,대전,2024-07-15,26.6,.2
133,대전,2024-07-16,24.6,45.6
133,대전,2024-07-17,26.7,.8
133,대전,2024-07-18,25.9,28.8
133,대전,2024-07-19,25.1,1.4
133,대전,2024-07-20,26,15.2
133,대전,2024-07-21,27.8,1.5
133,대전,2024-07-22,28.9,
133,대전,2024-07-23,27.2,3.9
133,대전,2024-07-24,28.6,2.5
133,대전,2024-07-25,28.1,.1
133,대전,2024-07-26,28.4,1.3
133,대전,2024-07-27,28.2,6
133,대전,2024-07-28,29.7,
133,대전,2024-07-29,28.6,
133,대전,2024-07-30,28.7,
133,대전,2024-07-31,29.5,
133,대전,2024-08-01,30,
133,대전,2024-08-02,30.3,
133,대전,2024-08-03,30.7,
133,대전,2024-08-04,29.1,.9
133,대전,2024-08-05,27.4,34.3
133,대전,2024-08-06,28.6,
133,대전,2024-08-07,28.9,1
133,대전,2024-08-08,27.3,0
133,대전,2024-08-09,28.4,
133,대전,2024-08-10,28.7,
133,대전,2024-08-11,29.6,
133,대전,2024-08-12,30.5,
133,대전,2024-08-13,29.2,19.3
133,대전,2024-08-14,29.5,
133,대전,2024-08-15,29.5,
133,대전,2024-08-16,29.7,
133,대전,2024-08-17,29.5,
133,대전,2024-08-18,29.5,
133,대전,2024-08-19,29.9,.1
133,대전,2024-08-20,29.7,17
133,대전,2024-08-21,28.6,3.8
133,대전,2024-08-22,28.5,.5
133,대전,2024-08-23,28.3,
133,대전,2024-08-24,28.1,6.8
133,대전,2024-08-25,28,.5
133,대전,2024-08-26,27.9,
133,대전,2024-08-27,26.3,.1
133,대전,2024-08-28,27,
133,대전,2024-08-29,27,3
133,대전,2024-08-30,27.3,
133,대전,2024-08-31,26.6,
133,대전,2024-09-01,26.9,
133,대전,2024-09-02,24.8,0
133,대전,2024-09-03,27.1,
133,대전,2024-09-04,26.8,
133,대전,2024-09-05,27.2,0
133,대전,2024-09-06,25.6,.5
133,대전,2024-09-07,26.6,
133,대전,2024-09-08,27.6,
133,대전,2024-09-09,29,
133,대전,2024-09-10,29.5,
133,대전,2024-09-11,28.1,21.2
133,대전,2024-09-12,26.5,4.1
133,대전,2024-09-13,28,
133,대전,2024-09-14,28.8,
133,대전,2024-09-15,29.3,
133,대전,2024-09-16,28,0
133,대전,2024-09-17,29.7,
133,대전,2024-09-18,28.2,2
133,대전,2024-09-19,28.5,
133,대전,2024-09-20,25.5,45.6
133,대전,2024-09-21,21.4,131.2
133,대전,2024-09-22,21.3,
133,대전,2024-09-23,21,
133,대전,2024-09-24,20.9,
133,대전,2024-09-25,23.2,
133,대전,2024-09-26,24.1,
133,대전,2024-09-27,23,
133,대전,2024-09-28,22.7,
133,대전,2024-09-29,22.8,
133,대전,2024-09-30,21,
133,대전,2024-10-01,17,2
133,대전,2024-10-02,14.9,
133,대전,2024-10-03,12.9,4
133,대전,2024-10-04,16.2,
133,대전,2024-10-05,17.2,
133,대전,2024-10-06,16.6,.2
133,대전,2024-10-07,17,2.3
133,대전,2024-10-08,16.7,
133,대전,2024-10-09,18.5,
133,대전,2024-10-10,17.7,0
133,대전,2024-10-11,17.6,
133,대전,2024-10-12,17.2,
133,대전,2024-10-13,17.7,
133,대전,2024-10-14,17.7,8.3
133,대전,2024-10-15,18.3,33.5
133,대전,2024-10-16,18.9,
133,대전,2024-10-17,19.1,
133,대전,2024-10-18,20,41.6
133,대전,2024-10-19,17.6,1.9
133,대전,2024-10-20,13.3,
133,대전,2024-10-21,13.9,.4
133,대전,2024-10-22,16.6,13.1
133,대전,2024-10-23,13.7,1.2
133,대전,2024-10-24,12,
133,대전,2024-10-25,14.5,
133,대전,2024-10-26,17.2,
133,대전,2024-10-27,15.2,.7
133,대전,2024-10-28,14.8,0
133,대전,2024-10-29,14.9,0
133,대전,2024-10-30,14.7,
133,대전,2024-10-31,14.5,
133,대전,2024-11-01,13.3,1.6
133,대전,2024-11-02,16.9,.1
133,대전,2024-11-03,16.2,
133,대전,2024-11-04,14.5,
133,대전,2024-11-05,9.8,
133,대전,2024-11-06,7.3,
133,대전,2024-11-07,7.7,
133,대전,2024-11-08,10.5,
133,대전,2024-11-09,12.4,
133,대전,2024-11-10,13.3,
133,대전,2024-11-11,13.3,
133,대전,2024-11-12,13.7,
133,대전,2024-11-13,13.1,
133,대전,2024-11-14,13.8,.1
133,대전,2024-11-15,14.8,5.5
133,대전,2024-11-16,16.8,.1
133,대전,2024-11-17,9.1,0
133,대전,2024-11-18,2.6,
133,대전,2024-11-19,5.4,
133,대전,2024-11-20,6.7,
133,대전,2024-11-21,9.8,0
133,대전,2024-11-22,7.2,
133,대전,2024-11-23,5.3,
133,대전,2024-11-24,6.6,
133,대전,2024-11-25,9.7,.3
133,대전,2024-11-26,7.6,18
133,대전,2024-11-27,2.3,3.8
133,대전,2024-11-28,3.2,4.7
133,대전,2024-11-29,2.2,.4
133,대전,2024-11-30,5.3,
133,대전,2024-12-01,7.6,0
133,대전,2024-12-02,8.3,0
133,대전,2024-12-03,2.1,
133,대전,2024-12-04,3.6,0
133,대전,2024-12-05,4.5,0
133,대전,2024-12-06,4,0
133,대전,2024-12-07,1.4,0
133,대전,2024-12-08,.5,0
133,대전,2024-12-09,2,
133,대전,2024-12-10,3.9,
133,대전,2024-12-11,2.5,
133,대전,2024-12-12,1.2,
133,대전,2024-12-13,.6,0
133,대전,2024-12-14,.5,0
133,대전,2024-12-15,1.7,1.4
133,대전,2024-12-16,2.7,.1
133,대전,2024-12-17,1.6,
133,대전,2024-12-18,-2,
133,대전,2024-12-19,-1.9,
133,대전,2024-12-20,.7,.2
133,대전,2024-12-21,.6,1.9
133,대전,2024-12-22,-2.5,
133,대전,2024-12-23,-.4,0
133,대전,2024-12-24,.6,
133,대전,2024-12-25,2.5,0
133,대전,2024-12-26,2.4,0
133,대전,2024-12-27,-1.4,.1
133,대전,2024-12-28,-2,0
133,대전,2024-12-29,2.1,0
133,대전,2024-12-30,6.7,0
133,대전,2024-12-31,2.3,
133,대전,2025-01-01,2.6,
133,대전,2025-01-02,1.8,
133,대전,2025-01-03,.3,0
133,대전,2025-01-04,.6,
133,대전,2025-01-05,2.2,.3
133,대전,2025-01-06,2,1.8
133,대전,2025-01-07,-1.5,.5
133,대전,2025-01-08,-1.7,.6
133,대전,2025-01-09,-8.1,0
133,대전,2025-01-10,-6.6,0
133,대전,2025-01-11,-3,0
133,대전,2025-01-12,-1.9,0
133,대전,2025-01-13,1.1,
133,대전,2025-01-14,4.9,.1
133,대전,2025-01-15,-1.8,
133,대전,2025-01-16,.9,0
133,대전,2025-01-17,1.3,
133,대전,2025-01-18,1,
133,대전,2025-01-19,1.7,
133,대전,2025-01-20,2.8,
133,대전,2025-01-21,2.5,
133,대전,2025-01-22,3.4,
133,대전,2025-01-23,2.9,
133,대전,2025-01-24,2.6,
133,대전,2025-01-25,4.3,
133,대전,2025-01-26,5.2,0
133,대전,2025-01-27,.3,4.5
133,대전,2025-01-28,-1.4,4.4
133,대전,2025-01-29,-2.6,.3
133,대전,2025-01-30,-1.8,0
133,대전,2025-01-31,1.9,0
133,대전,2025-02-01,3.5,.2
133,대전,2025-02-02,2.4,
133,대전,2025-02-03,-1.4,.2
133,대전,2025-02-04,-6.2,0
133,대전,2025-02-05,-6.4,0
133,대전,2025-02-06,-4.1,.7
133,대전,2025-02-07,-6.4,1.3
133,대전,2025-02-08,-6.6,0
133,대전,2025-02-09,-3.9,0
133,대전,2025-02-10,-2.6,0
133,대전,2025-02-11,.3,
133,대전,2025-02-12,1.1,8.3
133,대전,2025-02-13,1.1,
133,대전,2025-02-14,3.5,
133,대전,2025-02-15,2.9,
133,대전,2025-02-16,5.1,
133,대전,2025-02-17,1.3,
133,대전,2025-02-18,-.9,
133,대전,2025-02-19,-1.6,
133,대전,2025-02-20,-1.9,
133,대전,2025-02-21,-1.5,
133,대전,2025-02-22,-1,.4
133,대전,2025-02-23,-2.7,0
133,대전,2025-02-24,-.7,
133,대전,2025-02-25,1.7,
133,대전,2025-02-26,5.3,0
133,대전,2025-02-27,6.6,0
133,대전,2025-02-28,9.8,0
133,대전,2025-03-01,6.3,2.6
133,대전,2025-03-02,9.7,5.7
133,대전,2025-03-03,3.5,23
133,대전,2025-03-04,3.4,.9
133,대전,2025-03-05,5.5,0
133,대전,2025-03-06,5.1,
133,대전,2025-03-07,5.6,
133,대전,2025-03-08,6.2,0
133,대전,2025-03-09,6.8,
133,대전,2025-03-10,8.2,
133,대전,2025-03-11,9.8,
133,대전,2025-03-12,9.6,
133,대전,2025-03-13,10.3,
133,대전,2025-03-14,12.9,
133,대전,2025-03-15,9.8,
133,대전,2025-03-16,4.5,.9
133,대전,2025-03-17,3.8,
133,대전,2025-03-18,1.2,3.9
133,대전,2025-03-19,3.2,
133,대전,2025-03-20,7.6,
133,대전,2025-03-21,12.8,
133,대전,2025-03-22,14.9,
133,대전,2025-03-23,16.6,
133,대전,2025-03-24,16.6,0
133,대전,2025-03-25,15.4,
133,대전,2025-03-26,18.5,
133,대전,2025-03-27,16.1,.7
133,대전,2025-03-28,7.5,0
133,대전,2025-03-29,3.9,0
133,대전,2025-03-30,4.4,
133,대전,2025-03-31,8.1,
133,대전,2025-04-01,10.3,
133,대전,2025-04-02,9.6,
133,대전,2025-04-03,10.3,
133,대전,2025-04-04,11.7,.4
133,대전,2025-04-05,9.4,11.7
133,대전,2025-04-06,10.7,
133,대전,2025-04-07,13.8,
133,대전,2025-04-08,15.6,
133,대전,2025-04-09,13.9,0
133,대전,2025-04-10,14,0
133,대전,2025-04-11,16.2,
133,대전,2025-04-12,14.7,13
133,대전,2025-04-13,5.8,5.2
133,대전,2025-04-14,5.1,6.2
133,대전,2025-04-15,8.8,0
133,대전,2025-04-16,16,
133,대전,2025-04-17,21.8,
133,대전,2025-04-18,21.4,
133,대전,2025-04-19,20.8,4.2
133,대전,2025-04-20,17.6,.9
133,대전,2025-04-21,21.5,
133,대전,2025-04-22,17.7,25.6
133,대전,2025-04-23,17.5,
133,대전,2025-04-24,15,
133,대전,2025-04-25,12.7,
133,대전,2025-04-26,14.4,
133,대전,2025-04-27,17.2,
133,대전,2025-04-28,15.3,
133,대전,2025-04-29,14.7,
133,대전,2025-04-30,18.6,
133,대전,2025-05-01,14.8,35.9
133,대전,2025-05-02,13.6,
133,대전,2025-05-03,10.5,22.1
133,대전,2025-05-04,14.3,
133,대전,2025-05-05,11.9,.1
133,대전,2025-05-06,13.1,
133,대전,2025-05-07,14.7,
133,대전,2025-05-08,18.2,
133,대전,2025-05-09,15.4,11
133,대전,2025-05-10,12.6,4.4
133,대전,2025-05-11,15.4,
133,대전,2025-05-12,17.7,
133,대전,2025-05-13,19.3,
133,대전,2025-05-14,21,
133,대전,2025-05-15,21.6,4.2
133,대전,2025-05-16,20.5,14.3
133,대전,2025-05-17,19.4,.5
133,대전,2025-05-18,16.2,
133,대전,2025-05-19,18.8,
133,대전,2025-05-20,25.4,
133,대전,2025-05-21,25.5,
133,대전,2025-05-22,21.2,.3
133,대전,2025-05-23,19.9,0
133,대전,2025-05-24,16,.6
133,대전,2025-05-25,17.8,
133,대전,2025-05-26,19.7,
133,대전,2025-05-27,20.5,
133,대전,2025-05-28,20.7,
133,대전,2025-05-29,20.6,0
133,대전,2025-05-30,20.4,
133,대전,2025-05-31,20.4,
133,대전,2025-06-01,22.4,
133,대전,2025-06-02,20.4,0
133,대전,2025-06-03,21.1,
133,대전,2025-06-04,20.8,
133,대전,2025-06-05,21.2,
133,대전,2025-06-06,23.7,
133,대전,2025-06-07,24.3,
133,대전,2025-06-08,25.5,
133,대전,2025-06-09,25.5,
133,대전,2025-06-10,23.6,
133,대전,2025-06-11,23.1,
133,대전,2025-06-12,25.1,
133,대전,2025-06-13,21.3,39.9
133,대전,2025-06-14,23.8,44.7
133,대전,2025-06-15,26.3,37.4
133,대전,2025-06-16,24.2,26.3
133,대전,2025-06-17,25,3.6
133,대전,2025-06-18,25.8,
133,대전,2025-06-19,27.2,0
133,대전,2025-06-20,24.9,49.4
133,대전,2025-06-21,21.1,78.3
133,대전,2025-06-22,23.3,
133,대전,2025-06-23,25.1,
133,대전,2025-06-24,21.9,19.1
133,대전,2025-06-25,21.2,1.3
133,대전,2025-06-26,22.9,.1
133,대전,2025-06-27,25.3,
133,대전,2025-06-28,27.5,0
133,대전,2025-06-29,28.7,
133,대전,2025-06-30,29.1,
133,대전,2025-07-01,29,0
133,대전,2025-07-02,29.4,0
133,대전,2025-07-03,28.6,
133,대전,2025-07-04,27.9,
133,대전,2025-07-05,28.6,
133,대전,2025-07-06,29,
133,대전,2025-07-07,30,
133,대전,2025-07-08,31.4,
133,대전,2025-07-09,31,
133,대전,2025-07-10,29.8,
133,대전,2025-07-11,29,
133,대전,2025-07-12,28.6,
133,대전,2025-07-13,25.3,2.3
133,대전,2025-07-14,23.4,20.9
133,대전,2025-07-15,22.9,2
133,대전,2025-07-16,22.6,66.1
133,대전,2025-07-17,22,168.4
133,대전,2025-07-18,24.3,.1
133,대전,2025-07-19,24.6,33.5
133,대전,2025-07-20,27.9,
133,대전,2025-07-21,28.4,
133,대전,2025-07-22,28.6,7.5
133,대전,2025-07-23,28.9,
133,대전,2025-07-24,29.9,
133,대전,2025-07-25,30.4,
133,대전,2025-07-26,30.6,
133,대전,2025-07-27,31.6,
133,대전,2025-07-28,30.9,
133,대전,2025-07-29,31.2,
133,대전,2025-07-30,30.9,
133,대전,2025-07-31,29.9,0
133,대전,2025-08-01,30.4,
133,대전,2025-08-02,31.2,
133,대전,2025-08-03,27.4,46.7
133,대전,2025-08-04,28.4,11.4
133,대전,2025-08-05,29.3,0
133,대전,2025-08-06,28,1.9
133,대전,2025-08-07,27.5,
133,대전,2025-08-08,26.1,
133,대전,2025-08-09,24.3,.8
133,대전,2025-08-10,26.2,
133,대전,2025-08-11,24.3,2.3
133,대전,2025-08-12,24.3,.2
133,대전,2025-08-13,26.8,5.4
133,대전,2025-08-14,28.5,0
133,대전,2025-08-15,28.9,
133,대전,2025-08-16,28.6,
133,대전,2025-08-17,28.2,
133,대전,2025-08-18,29.2,
133,대전,2025-08-19,29,0
133,대전,2025-08-20,29.5,
133,대전,2025-08-21,29.9,
133,대전,2025-08-22,29.8,
133,대전,2025-08-23,29.2,
133,대전,2025-08-24,30.6,
133,대전,2025-08-25,30.3,0
133,대전,2025-08-26,26.2,36.8
133,대전,2025-08-27,26.9,
133,대전,2025-08-28,28.1,
133,대전,2025-08-29,29.3,
133,대전,2025-08-30,29.4,
133,대전,2025-08-31,27.9,0
143,대구,2024-07-01,28,0
143,대구,2024-07-02,25.2,22.1
143,대구,2024-07-03,28.9,12.4
143,대구,2024-07-04,29,
143,대구,2024-07-05,29,.5
143,대구,2024-07-06,28.7,
143,대구,2024-07-07,29,7.9
143,대구,2024-07-08,27.2,2.4
143,대구,2024-07-09,24.4,191.3
143,대구,2024-07-10,23.9,65.7
143,대구,2024-07-11,24.6,24
143,대구,2024-07-12,26.4,4.5
143,대구,2024-07-13,25.6,.8
143,대구,2024-07-14,23.7,2.6
143,대구,2024-07-15,24.3,0
143,대구,2024-07-16,25.1,5.9
143,대구,2024-07-17,27.1,0
143,대구,2024-07-18,28.5,.9
143,대구,2024-07-19,27.3,1.9
143,대구,2024-07-20,26.9,22.7
143,대구,2024-07-21,29.7,2.2
143,대구,2024-07-22,30.1,
143,대구,2024-07-23,30,
143,대구,2024-07-24,28.6,4.4
143,대구,2024-07-25,29.7,
143,대구,2024-07-26,29.7,0
143,대구,2024-07-27,29.5,0
143,대구,2024-07-28,30.5,
143,대구,2024-07-29,30.7,
143,대구,2024-07-30,30.3,
143,대구,2024-07-31,30.6,
143,대구,2024-08-01,31.6,
143,대구,2024-08-02,31.5,2.4
143,대구,2024-08-03,32.1,
143,대구,2024-08-04,29.8,
143,대구,2024-08-05,28.3,20.6
143,대구,2024-08-06,29.2,
143,대구,2024-08-07,31,
143,대구,2024-08-08,28.5,58
143,대구,2024-08-09,29.3,
143,대구,2024-08-10,28.9,
143,대구,2024-08-11,28.9,
143,대구,2024-08-12,28.4,
143,대구,2024-08-13,28,
143,대구,2024-08-14,28,
143,대구,2024-08-15,28.3,
143,대구,2024-08-16,28.7,
143,대구,2024-08-17,29.1,
143,대구,2024-08-18,29,0
143,대구,2024-08-19,29.6,0
143,대구,2024-08-20,28.8,2
143,대구,2024-08-21,28.1,3.3
143,대구,2024-08-22,29.7,0
143,대구,2024-08-23,30.3,
143,대구,2024-08-24,30.4,
143,대구,2024-08-25,28.9,0
143,대구,2024-08-26,28.7,21.1
143,대구,2024-08-27,26.2,10.8
143,대구,2024-08-28,26.6,
143,대구,2024-08-29,28.1,.1
143,대구,2024-08-30,29.5,
143,대구,2024-08-31,27.6,
143,대구,2024-09-01,27.9,
143,대구,2024-09-02,27,0
143,대구,2024-09-03,24.9,0
143,대구,2024-09-04,25.4,
143,대구,2024-09-05,28.4,
143,대구,2024-09-06,25.4,15.7
143,대구,2024-09-07,25.4,4.5
143,대구,2024-09-08,27.2,.1
143,대구,2024-09-09,27.5,
143,대구,2024-09-10,28.9,
143,대구,2024-09-11,27.1,1.4
143,대구,2024-09-12,27.5,25.7
143,대구,2024-09-13,28.9,
143,대구,2024-09-14,28.7,
143,대구,2024-09-15,26.5,
143,대구,2024-09-16,26,
143,대구,2024-09-17,29.5,
143,대구,2024-09-18,29.5,0
143,대구,2024-09-19,29,
143,대구,2024-09-20,26.2,16.4
143,대구,2024-09-21,21.2,87.6
143,대구,2024-09-22,22.1,0
143,대구,2024-09-23,19.7,
143,대구,2024-09-24,19.7,
143,대구,2024-09-25,22.5,
143,대구,2024-09-26,23.3,
143,대구,2024-09-27,23.4,
143,대구,2024-09-28,21.8,.1
143,대구,2024-09-29,21.3,
143,대구,2024-09-30,21.3,
143,대구,2024-10-01,21.1,
143,대구,2024-10-02,17.3,
143,대구,2024-10-03,16.6,9.9
143,대구,2024-10-04,17.3,
143,대구,2024-10-05,17.2,
143,대구,2024-10-06,18.1,3.2
143,대구,2024-10-07,17.4,.9
143,대구,2024-10-08,17.9,5.8
143,대구,2024-10-09,17.2,
143,대구,2024-10-10,17.5,
143,대구,2024-10-11,18.1,
143,대구,2024-10-12,17.8,
143,대구,2024-10-13,17.9,
143,대구,2024-10-14,18.7,14.1
143,대구,2024-10-15,19.1,7.5
143,대구,2024-10-16,19.4,
143,대구,2024-10-17,18.7,
143,대구,2024-10-18,20.5,16.1
143,대구,2024-10-19,17.8,5.4
143,대구,2024-10-20,14.4,
143,대구,2024-10-21,15.2,5.3
143,대구,2024-10-22,17.1,23
143,대구,2024-10-23,16.8,0
143,대구,2024-10-24,13.8,
143,대구,2024-10-25,15,
143,대구,2024-10-26,16.6,
143,대구,2024-10-27,14.5,2.8
143,대구,2024-10-28,14.6,.9
143,대구,2024-10-29,14.5,
143,대구,2024-10-30,14.7,
143,대구,2024-10-31,15,
143,대구,2024-11-01,14,13
143,대구,2024-11-02,16.2,18.9
143,대구,2024-11-03,14.6,
143,대구,2024-11-04,15.2,
143,대구,2024-11-05,12.4,
143,대구,2024-11-06,9.4,
143,대구,2024-11-07,9.3,
143,대구,2024-11-08,12.4,
143,대구,2024-11-09,12.7,
143,대구,2024-11-10,12.6,
143,대구,2024-11-11,13.9,
143,대구,2024-11-12,13.8,
143,대구,2024-11-13,13.1,
143,대구,2024-11-14,12.8,0
143,대구,2024-11-15,14.6,0
143,대구,2024-11-16,16.4,
143,대구,2024-11-17,12.5,0
143,대구,2024-11-18,5,
143,대구,2024-11-19,6.6,
143,대구,2024-11-20,8.6,
143,대구,2024-11-21,8.9,
143,대구,2024-11-22,8.2,
143,대구,2024-11-23,5.9,
143,대구,2024-11-24,8,
143,대구,2024-11-25,9.2,.2
143,대구,2024-11-26,9.3,18.3
143,대구,2024-11-27,5.1,0
143,대구,2024-11-28,6,0
143,대구,2024-11-29,5.3,0
143,대구,2024-11-30,7.5,
143,대구,2024-12-01,8.2,
143,대구,2024-12-02,10.8,
143,대구,2024-12-03,6.4,
143,대구,2024-12-04,4.6,
143,대구,2024-12-05,5.5,
143,대구,2024-12-06,6.4,0
143,대구,2024-12-07,3.9,
143,대구,2024-12-08,2.6,
143,대구,2024-12-09,3.7,
143,대구,2024-12-10,4.4,
143,대구,2024-12-11,4.2,
143,대구,2024-12-12,3.3,
143,대구,2024-12-13,3.7,
143,대구,2024-12-14,2,
143,대구,2024-12-15,2.9,0
143,대구,2024-12-16,3.9,0
143,대구,2024-12-17,4.1,0
143,대구,2024-12-18,.6,
143,대구,2024-12-19,.3,
143,대구,2024-12-20,1.8,
143,대구,2024-12-21,2,1.3
143,대구,2024-12-22,-.6,
143,대구,2024-12-23,2.6,
143,대구,2024-12-24,2.4,
143,대구,2024-12-25,3.1,
143,대구,2024-12-26,3.9,
143,대구,2024-12-27,.4,
143,대구,2024-12-28,-.1,0
143,대구,2024-12-29,1.8,
143,대구,2024-12-30,4.5,
143,대구,2024-12-31,4.2,
143,대구,2025-01-01,2.8,
143,대구,2025-01-02,3.1,
143,대구,2025-01-03,1.5,
143,대구,2025-01-04,1.6,
143,대구,2025-01-05,1.2,
143,대구,2025-01-06,1.8,0
143,대구,2025-01-07,.3,
143,대구,2025-01-08,.5,.6
143,대구,2025-01-09,-6.1,
143,대구,2025-01-10,-5.3,
143,대구,2025-01-11,-2,
143,대구,2025-01-12,-.1,
143,대구,2025-01-13,.9,
143,대구,2025-01-14,4.1,
143,대구,2025-01-15,-.3,
143,대구,2025-01-16,.8,
143,대구,2025-01-17,2.4,
143,대구,2025-01-18,2.4,
143,대구,2025-01-19,2.4,
143,대구,2025-01-20,2.4,
143,대구,2025-01-21,2.6,
143,대구,2025-01-22,3.6,
143,대구,2025-01-23,4.4,
143,대구,2025-01-24,3.7,
143,대구,2025-01-25,3.5,0
143,대구,2025-01-26,4.9,0
143,대구,2025-01-27,1.8,3.7
143,대구,2025-01-28,.6,0
143,대구,2025-01-29,-.3,0
143,대구,2025-01-30,.5,
143,대구,2025-01-31,2.4,0
143,대구,2025-02-01,3.7,5.9
143,대구,2025-02-02,3.7,
143,대구,2025-02-03,.5,
143,대구,2025-02-04,-4.3,
143,대구,2025-02-05,-4.2,
143,대구,2025-02-06,-2.2,
143,대구,2025-02-07,-4.8,1
143,대구,2025-02-08,-5.1,
143,대구,2025-02-09,-2.4,
143,대구,2025-02-10,-.4,
143,대구,2025-02-11,.9,
143,대구,2025-02-12,1.5,5.7
143,대구,2025-02-13,2,
143,대구,2025-02-14,3.5,
143,대구,2025-02-15,3.4,
143,대구,2025-02-16,6.3,
143,대구,2025-02-17,2.8,
143,대구,2025-02-18,.2,
143,대구,2025-02-19,.1,
143,대구,2025-02-20,0,
143,대구,2025-02-21,.1,
143,대구,2025-02-22,.8,0
143,대구,2025-02-23,-1,
143,대구,2025-02-24,.9,
143,대구,2025-02-25,4.3,
143,대구,2025-02-26,6.2,
143,대구,2025-02-27,7,0
143,대구,2025-02-28,10.8,.1
143,대구,2025-03-01,9.4,0
143,대구,2025-03-02,10.2,4
143,대구,2025-03-03,3.1,13.4
143,대구,2025-03-04,3,3.8
143,대구,2025-03-05,4.9,0
143,대구,2025-03-06,5.1,0
143,대구,2025-03-07,5.3,
143,대구,2025-03-08,7.6,0
143,대구,2025-03-09,7.7,
143,대구,2025-03-10,7.4,
143,대구,2025-03-11,10.1,
143,대구,2025-03-12,12.3,
143,대구,2025-03-13,12,
143,대구,2025-03-14,9.6,
143,대구,2025-03-15,8.1,.4
143,대구,2025-03-16,5.4,2.1
143,대구,2025-03-17,4.2,
143,대구,2025-03-18,2.8,.1
143,대구,2025-03-19,4.6,
143,대구,2025-03-20,9.2,
143,대구,2025-03-21,15.4,
143,대구,2025-03-22,17.4,
143,대구,2025-03-23,17.5,
143,대구,2025-03-24,18.3,
143,대구,2025-03-25,18.9,
143,대구,2025-03-26,17.7,
143,대구,2025-03-27,19.6,1.2
143,대구,2025-03-28,9.6,.4
143,대구,2025-03-29,6.7,0
143,대구,2025-03-30,5.5,
143,대구,2025-03-31,7.7,
143,대구,2025-04-01,10,
143,대구,2025-04-02,9.1,8.1
143,대구,2025-04-03,9,
143,대구,2025-04-04,11.3,
143,대구,2025-04-05,11.8,0
143,대구,2025-04-06,13.2,
143,대구,2025-04-07,14.8,
143,대구,2025-04-08,17.2,
143,대구,2025-04-09,14.6,0
143,대구,2025-04-10,15.8,
143,대구,2025-04-11,16,
143,대구,2025-04-12,14.2,6.5
143,대구,2025-04-13,8.5,14.2
143,대구,2025-04-14,6.6,6.1
143,대구,2025-04-15,10.6,0
143,대구,2025-04-16,16,
143,대구,2025-04-17,18.4,
143,대구,2025-04-18,21.7,
143,대구,2025-04-19,21.4,0
143,대구,2025-04-20,15.4,0
143,대구,2025-04-21,18,
143,대구,2025-04-22,15.6,6.9
143,대구,2025-04-23,14.6,0
143,대구,2025-04-24,18.6,
143,대구,2025-04-25,15.4,
143,대구,2025-04-26,16.7,
143,대구,2025-04-27,18.4,
143,대구,2025-04-28,18.5,
143,대구,2025-04-29,16.2,
143,대구,2025-04-30,19.2,
143,대구,2025-05-01,16.5,28.1
143,대구,2025-05-02,15.9,
143,대구,2025-05-03,11.8,13.9
143,대구,2025-05-04,15.5,
143,대구,2025-05-05,13,2.5
143,대구,2025-05-06,11.8,3.2
143,대구,2025-05-07,16.1,
143,대구,2025-05-08,18.3,
143,대구,2025-05-09,14.7,10.2
143,대구,2025-05-10,16.4,.3
143,대구,2025-05-11,16,0
143,대구,2025-05-12,18.3,
143,대구,2025-05-13,19.9,
143,대구,2025-05-14,21,
143,대구,2025-05-15,21.5,.9
143,대구,2025-05-16,20.3,18.8
143,대구,2025-05-17,22.5,.5
143,대구,2025-05-18,19.1,
143,대구,2025-05-19,20.9,
143,대구,2025-05-20,25.3,
143,대구,2025-05-21,24.4,
143,대구,2025-05-22,17.1,
143,대구,2025-05-23,16.9,
143,대구,2025-05-24,13.7,1.7
143,대구,2025-05-25,17.6,.6
143,대구,2025-05-26,19.8,
143,대구,2025-05-27,21.2,
143,대구,2025-05-28,20,22.5
143,대구,2025-05-29,18.7,.4
143,대구,2025-05-30,18.2,
143,대구,2025-05-31,19.7,
143,대구,2025-06-01,22.2,
143,대구,2025-06-02,20.3,0
143,대구,2025-06-03,22.6,.1
143,대구,2025-06-04,22.9,
143,대구,2025-06-05,23,
143,대구,2025-06-06,23.2,
143,대구,2025-06-07,24.8,
143,대구,2025-06-08,26,
143,대구,2025-06-09,25.9,
143,대구,2025-06-10,26.5,
143,대구,2025-06-11,25.6,
143,대구,2025-06-12,25.3,
143,대구,2025-06-13,20.5,31.1
143,대구,2025-06-14,21.9,32.7
143,대구,2025-06-15,26.1,.3
143,대구,2025-06-16,25,8.5
143,대구,2025-06-17,25.2,
143,대구,2025-06-18,26.9,
143,대구,2025-06-19,27.5,
143,대구,2025-06-20,26.9,1.7
143,대구,2025-06-21,22.8,74.1
143,대구,2025-06-22,22.4,8.4
143,대구,2025-06-23,24.9,
143,대구,2025-06-24,20.7,6.7
143,대구,2025-06-25,23.6,.1
143,대구,2025-06-26,25.4,
143,대구,2025-06-27,27.1,
143,대구,2025-06-28,28.5,0
143,대구,2025-06-29,29.9,
143,대구,2025-06-30,30.7,
143,대구,2025-07-01,30.7,
143,대구,2025-07-02,31.4,
143,대구,2025-07-03,31.2,
143,대구,2025-07-04,30.2,
143,대구,2025-07-05,30.6,
143,대구,2025-07-06,30.6,
143,대구,2025-07-07,31.5,
143,대구,2025-07-08,28.5,
143,대구,2025-07-09,28.1,
143,대구,2025-07-10,26.6,
143,대구,2025-07-11,26.2,
143,대구,2025-07-12,26.2,
143,대구,2025-07-13,25.3,33.3
143,대구,2025-07-14,24.2,16.7
143,대구,2025-07-15,23.3,.3
143,대구,2025-07-16,23,7.4
143,대구,2025-07-17,22.5,102.3
143,대구,2025-07-18,24.8,14.3
143,대구,2025-07-19,21.9,68.1
143,대구,2025-07-20,26.5,
143,대구,2025-07-21,26.8,5.6
143,대구,2025-07-22,29.5,
143,대구,2025-07-23,29.9,
143,대구,2025-07-24,29.9,
143,대구,2025-07-25,29.3,
143,대구,2025-07-26,29.3,
143,대구,2025-07-27,29.8,
143,대구,2025-07-28,30.4,
143,대구,2025-07-29,30.1,
143,대구,2025-07-30,29.2,
143,대구,2025-07-31,29.9,
143,대구,2025-08-01,30.4,
143,대구,2025-08-02,30.9,
143,대구,2025-08-03,28.9,24.5
143,대구,2025-08-04,28.2,91
143,대구,2025-08-05,29.7,1
143,대구,2025-08-06,28.5,17
143,대구,2025-08-07,27.4,.3
143,대구,2025-08-08,26.9,
143,대구,2025-08-09,24.5,1.1
143,대구,2025-08-10,25.2,13.9
143,대구,2025-08-11,24.4,.4
143,대구,2025-08-12,22.8,5.9
143,대구,2025-08-13,27.5,
143,대구,2025-08-14,29.8,
143,대구,2025-08-15,29.5,
143,대구,2025-08-16,29.7,
143,대구,2025-08-17,28.8,
143,대구,2025-08-18,29.5,
143,대구,2025-08-19,30.8,
143,대구,2025-08-20,30.4,
143,대구,2025-08-21,30.1,
143,대구,2025-08-22,30,
143,대구,2025-08-23,30.8,
143,대구,2025-08-24,31,
143,대구,2025-08-25,30.8,
143,대구,2025-08-26,28.9,0
143,대구,2025-08-27,28.3,
143,대구,2025-08-28,28.3,
143,대구,2025-08-29,30.6,
143,대구,2025-08-30,31,
143,대구,2025-08-31,27.8,2.9
156,광주,2024-07-01,26,5.2
156,광주,2024-07-02,27,10.6
156,광주,2024-07-03,26.9,24.9
156,광주,2024-07-04,27.5,
156,광주,2024-07-05,26.7,9.6
156,광주,2024-07-06,27.4,
156,광주,2024-07-07,26.8,0
156,광주,2024-07-08,26,8.9
156,광주,2024-07-09,24.8,8.5
156,광주,2024-07-10,24.7,22.7
156,광주,2024-07-11,24,0
156,광주,2024-07-12,25.5,0
156,광주,2024-07-13,25.7,.8
156,광주,2024-07-14,24.6,8.6
156,광주,2024-07-15,26.1,
156,광주,2024-07-16,24.5,49.7
156,광주,2024-07-17,26.7,3.9
156,광주,2024-07-18,26.4,5
156,광주,2024-07-19,24.9,28.4
156,광주,2024-07-20,26.5,37.1
156,광주,2024-07-21,27.9,6.8
156,광주,2024-07-22,28.6,
156,광주,2024-07-23,28.3,0
156,광주,2024-07-24,28.8,4.8
156,광주,2024-07-25,29.2,.2
156,광주,2024-07-26,27.8,7.1
156,광주,2024-07-27,27.8,7.6
156,광주,2024-07-28,29.2,
156,광주,2024-07-29,28.6,
156,광주,2024-07-30,28.9,
156,광주,2024-07-31,29.4,
156,광주,2024-08-01,29.7,
156,광주,2024-08-02,30.1,0
156,광주,2024-08-03,30.6,
156,광주,2024-08-04,31,
156,광주,2024-08-05,26.9,14.3
156,광주,2024-08-06,28.6,0
156,광주,2024-08-07,29.7,
156,광주,2024-08-08,28.6,2.1
156,광주,2024-08-09,28.5,0
156,광주,2024-08-10,28.1,16.3
156,광주,2024-08-11,28.8,
156,광주,2024-08-12,29.5,
156,광주,2024-08-13,29.4,.5
156,광주,2024-08-14,29.1,0
156,광주,2024-08-15,27.5,1.6
156,광주,2024-08-16,26.9,29.8
156,광주,2024-08-17,25.9,3.6
156,광주,2024-08-18,27.2,0
156,광주,2024-08-19,29.2,0
156,광주,2024-08-20,29,24.9
156,광주,2024-08-21,28.8,18.2
156,광주,2024-08-22,27.8,9.6
156,광주,2024-08-23,28.3,
156,광주,2024-08-24,28.7,
156,광주,2024-08-25,28.3,0
156,광주,2024-08-26,27.6,3.6
156,광주,2024-08-27,26.8,7.6
156,광주,2024-08-28,27.3,
156,광주,2024-08-29,29.2,
156,광주,2024-08-30,28.1,
156,광주,2024-08-31,26.9,
156,광주,2024-09-01,27.4,
156,광주,2024-09-02,25.8,0
156,광주,2024-09-03,26.8,
156,광주,2024-09-04,26.9,
156,광주,2024-09-05,27.4,
156,광주,2024-09-06,26.6,5.6
156,광주,2024-09-07,25.5,6.3
156,광주,2024-09-08,27.2,
156,광주,2024-09-09,28.1,
156,광주,2024-09-10,28.9,
156,광주,2024-09-11,28.3,.1
156,광주,2024-09-12,29,0
156,광주,2024-09-13,29.2,
156,광주,2024-09-14,29.2,
156,광주,2024-09-15,29.6,
156,광주,2024-09-16,28.3,.6
156,광주,2024-09-17,29,2.2
156,광주,2024-09-18,29,
156,광주,2024-09-19,29.9,0
156,광주,2024-09-20,25.9,87.1
156,광주,2024-09-21,24.5,60.2
156,광주,2024-09-22,21.1,16.9
156,광주,2024-09-23,21.4,2.4
156,광주,2024-09-24,21.8,
156,광주,2024-09-25,23.8,
156,광주,2024-09-26,24.4,
156,광주,2024-09-27,23.5,
156,광주,2024-09-28,23.7,
156,광주,2024-09-29,23.3,
156,광주,2024-09-30,22.8,
156,광주,2024-10-01,19.8,0
156,광주,2024-10-02,16.4,
156,광주,2024-10-03,14.2,2.7
156,광주,2024-10-04,17.4,
156,광주,2024-10-05,18.5,
156,광주,2024-10-06,16.9,4.2
156,광주,2024-10-07,16.7,2.4
156,광주,2024-10-08,17.8,
156,광주,2024-10-09,18.9,2.9
156,광주,2024-10-10,19,3.4
156,광주,2024-10-11,18.9,
156,광주,2024-10-12,19.1,
156,광주,2024-10-13,18.7,
156,광주,2024-10-14,18.7,29.9
156,광주,2024-10-15,20.1,.7
156,광주,2024-10-16,20.8,
156,광주,2024-10-17,20.1,
156,광주,2024-10-18,22.5,3.4
156,광주,2024-10-19,19.4,.4
156,광주,2024-10-20,15,
156,광주,2024-10-21,16.1,14.2
156,광주,2024-10-22,18.3,33.3
156,광주,2024-10-23,15,.1
156,광주,2024-10-24,14.1,
156,광주,2024-10-25,15.1,
156,광주,2024-10-26,17.7,
156,광주,2024-10-27,16.3,.6
156,광주,2024-10-28,16.3,0
156,광주,2024-10-29,17.1,
156,광주,2024-10-30,16.4,
156,광주,2024-10-31,17.2,
156,광주,2024-11-01,14.6,18.3
156,광주,2024-11-02,17.6,8
156,광주,2024-11-03,17.1,
156,광주,2024-11-04,15,.2
156,광주,2024-11-05,11.6,
156,광주,2024-11-06,9.8,
156,광주,2024-11-07,10.3,
156,광주,2024-11-08,13.3,
156,광주,2024-11-09,14.2,
156,광주,2024-11-10,14.4,0
156,광주,2024-11-11,14.8,
156,광주,2024-11-12,14,
156,광주,2024-11-13,14.9,
156,광주,2024-11-14,14.9,
156,광주,2024-11-15,16.2,0
156,광주,2024-11-16,17.5,.3
156,광주,2024-11-17,11.8,
156,광주,2024-11-18,5.5,
156,광주,2024-11-19,7.7,
156,광주,2024-11-20,9.4,
156,광주,2024-11-21,9.9,
156,광주,2024-11-22,9,
156,광주,2024-11-23,6.9,
156,광주,2024-11-24,9.3,
156,광주,2024-11-25,12.2,2.3
156,광주,2024-11-26,9.6,10.5
156,광주,2024-11-27,4.6,4.7
156,광주,2024-11-28,6.2,3.8
156,광주,2024-11-29,4.6,18.3
156,광주,2024-11-30,7.4,.1
156,광주,2024-12-01,8,.2
156,광주,2024-12-02,9.9,
156,광주,2024-12-03,5.1,
156,광주,2024-12-04,4.3,0
156,광주,2024-12-05,7.1,
156,광주,2024-12-06,6.4,.3
156,광주,2024-12-07,2.5,1.7
156,광주,2024-12-08,2.3,.3
156,광주,2024-12-09,4.3,
156,광주,2024-12-10,5.1,
156,광주,2024-12-11,5.3,
156,광주,2024-12-12,3.5,
156,광주,2024-12-13,2.6,1.2
156,광주,2024-12-14,1.9,.1
156,광주,2024-12-15,4.3,1.5
156,광주,2024-12-16,4.8,
156,광주,2024-12-17,4.3,
156,광주,2024-12-18,.8,0
156,광주,2024-12-19,.3,
156,광주,2024-12-20,2.3,
156,광주,2024-12-21,2.5,.6
156,광주,2024-12-22,.3,
156,광주,2024-12-23,2.6,0
156,광주,2024-12-24,3.7,
156,광주,2024-12-25,3.5,
156,광주,2024-12-26,3.6,0
156,광주,2024-12-27,2,.7
156,광주,2024-12-28,.3,3.2
156,광주,2024-12-29,3.5,0
156,광주,2024-12-30,5.8,
156,광주,2024-12-31,4.1,
156,광주,2025-01-01,3.1,
156,광주,2025-01-02,3.3,
156,광주,2025-01-03,2.2,
156,광주,2025-01-04,2.8,
156,광주,2025-01-05,2.5,1.1
156,광주,2025-01-06,2.2,1.2
156,광주,2025-01-07,-.6,4.6
156,광주,2025-01-08,1.1,.3
156,광주,2025-01-09,-5.5,1.7
156,광주,2025-01-10,-4.3,
156,광주,2025-01-11,-.9,0
156,광주,2025-01-12,.4,0
156,광주,2025-01-13,1.9,
156,광주,2025-01-14,4.4,0
156,광주,2025-01-15,.2,0
156,광주,2025-01-16,1.7,0
156,광주,2025-01-17,2.1,
156,광주,2025-01-18,2.4,
156,광주,2025-01-19,3.4,
156,광주,2025-01-20,4,
156,광주,2025-01-21,4.2,
156,광주,2025-01-22,3.9,
156,광주,2025-01-23,4.7,
156,광주,2025-01-24,5.4,
156,광주,2025-01-25,5.7,
156,광주,2025-01-26,5,0
156,광주,2025-01-27,1.2,4.1
156,광주,2025-01-28,-.7,2.3
156,광주,2025-01-29,-1.3,2.5
156,광주,2025-01-30,.8,0
156,광주,2025-01-31,2.4,1.2
156,광주,2025-02-01,4.4,10.6
156,광주,2025-02-02,4.1,
156,광주,2025-02-03,-.2,.1
156,광주,2025-02-04,-4.1,.5
156,광주,2025-02-05,-4.8,1.6
156,광주,2025-02-06,-2.9,.3
156,광주,2025-02-07,-3.9,2.9
156,광주,2025-02-08,-4.3,0
156,광주,2025-02-09,-1.9,0
156,광주,2025-02-10,-1.4,0
156,광주,2025-02-11,2.4,
156,광주,2025-02-12,3,9.4
156,광주,2025-02-13,2.2,
156,광주,2025-02-14,3.6,
156,광주,2025-02-15,3,
156,광주,2025-02-16,5.2,
156,광주,2025-02-17,2.1,
156,광주,2025-02-18,.6,0
156,광주,2025-02-19,-.2,0
156,광주,2025-02-20,-.5,
156,광주,2025-02-21,-.2,
156,광주,2025-02-22,0,.2
156,광주,2025-02-23,-1.1,.1
156,광주,2025-02-24,.4,0
156,광주,2025-02-25,2.7,
156,광주,2025-02-26,5.7,
156,광주,2025-02-27,6.8,0
156,광주,2025-02-28,9.7,0
156,광주,2025-03-01,10.4,3.3
156,광주,2025-03-02,15.1,6.3
156,광주,2025-03-03,6.4,13.4
156,광주,2025-03-04,4.3,5.1
156,광주,2025-03-05,5.9,0
156,광주,2025-03-06,5.8,0
156,광주,2025-03-07,5.9,
156,광주,2025-03-08,6.8,0
156,광주,2025-03-09,8,
156,광주,2025-03-10,8.8,
156,광주,2025-03-11,10.6,
156,광주,2025-03-12,10.5,
156,광주,2025-03-13,12.5,
156,광주,2025-03-14,14.8,
156,광주,2025-03-15,9.7,1
156,광주,2025-03-16,4.8,0
156,광주,2025-03-17,4.1,
156,광주,2025-03-18,1.7,3.9
156,광주,2025-03-19,3.2,
156,광주,2025-03-20,7.5,
156,광주,2025-03-21,12.5,
156,광주,2025-03-22,13.7,
156,광주,2025-03-23,15.7,
156,광주,2025-03-24,16.4,
156,광주,2025-03-25,16.2,
156,광주,2025-03-26,17.6,
156,광주,2025-03-27,15.9,0
156,광주,2025-03-28,7.1,0
156,광주,2025-03-29,4.4,1.2
156,광주,2025-03-30,4.8,
156,광주,2025-03-31,7.5,
156,광주,2025-04-01,10.1,
156,광주,2025-04-02,9.7,0
156,광주,2025-04-03,9.9,
156,광주,2025-04-04,11.4,
156,광주,2025-04-05,10.8,2.3
156,광주,2025-04-06,10.6,
156,광주,2025-04-07,13.7,
156,광주,2025-04-08,15.2,
156,광주,2025-04-09,14,0
156,광주,2025-04-10,14,
156,광주,2025-04-11,15.4,
156,광주,2025-04-12,14,20.1
156,광주,2025-04-13,7.5,.9
156,광주,2025-04-14,7.1,12.6
156,광주,2025-04-15,9.7,.4
156,광주,2025-04-16,15.8,
156,광주,2025-04-17,20.6,
156,광주,2025-04-18,20.6,
156,광주,2025-04-19,20.4,6.5
156,광주,2025-04-20,20,.8
156,광주,2025-04-21,21,
156,광주,2025-04-22,18.1,12.6
156,광주,2025-04-23,17.4,
156,광주,2025-04-24,15.9,
156,광주,2025-04-25,13.5,
156,광주,2025-04-26,15.1,
156,광주,2025-04-27,17.7,
156,광주,2025-04-28,15.9,
156,광주,2025-04-29,15.1,
156,광주,2025-04-30,18.2,
156,광주,2025-05-01,15.9,29.2
156,광주,2025-05-02,14.2,
156,광주,2025-05-03,11.9,5.5
156,광주,2025-05-04,14.2,
156,광주,2025-05-05,12,1.7
156,광주,2025-05-06,12.5,.6
156,광주,2025-05-07,14.7,
156,광주,2025-05-08,17.6,
156,광주,2025-05-09,16,24.3
156,광주,2025-05-10,13.4,.7
156,광주,2025-05-11,15.5,
156,광주,2025-05-12,17.3,
156,광주,2025-05-13,19.9,
156,광주,2025-05-14,20.2,
156,광주,2025-05-15,21.1,.3
156,광주,2025-05-16,19.5,40.1
156,광주,2025-05-17,19.1,.4
156,광주,2025-05-18,17.8,
156,광주,2025-05-19,20,0
156,광주,2025-05-20,23.6,0
156,광주,2025-05-21,24,
156,광주,2025-05-22,22.3,0
156,광주,2025-05-23,20.2,
156,광주,2025-05-24,18.2,
156,광주,2025-05-25,18.4,
156,광주,2025-05-26,19.8,
156,광주,2025-05-27,20.7,
156,광주,2025-05-28,22,
156,광주,2025-05-29,22.1,
156,광주,2025-05-30,21,
156,광주,2025-05-31,20.2,
156,광주,2025-06-01,22.1,
156,광주,2025-06-02,18.4,3.5
156,광주,2025-06-03,20,0
156,광주,2025-06-04,21.2,
156,광주,2025-06-05,21.8,
156,광주,2025-06-06,21.8,.4
156,광주,2025-06-07,23.9,
156,광주,2025-06-08,25.2,
156,광주,2025-06-09,25.4,
156,광주,2025-06-10,23.6,
156,광주,2025-06-11,23.7,
156,광주,2025-06-12,24.8,
156,광주,2025-06-13,21.3,28.1
156,광주,2025-06-14,23.9,49.1
156,광주,2025-06-15,24.8,7
156,광주,2025-06-16,23.3,11.1
156,광주,2025-06-17,25,0
156,광주,2025-06-18,25.8,
156,광주,2025-06-19,25.6,0
156,광주,2025-06-20,25.3,3.8
156,광주,2025-06-21,22,133.5
156,광주,2025-06-22,22.6,.3
156,광주,2025-06-23,25.6,
156,광주,2025-06-24,22,9
156,광주,2025-06-25,23.1,.6
156,광주,2025-06-26,24.1,
156,광주,2025-06-27,26.8,
156,광주,2025-06-28,28.4,
156,광주,2025-06-29,28.5,
156,광주,2025-06-30,29,
156,광주,2025-07-01,28.9,
156,광주,2025-07-02,29.5,
156,광주,2025-07-03,28.9,
156,광주,2025-07-04,27.9,
156,광주,2025-07-05,28.5,
156,광주,2025-07-06,29.2,
156,광주,2025-07-07,29.5,
156,광주,2025-07-08,31.1,
156,광주,2025-07-09,30.8,
156,광주,2025-07-10,29.7,
156,광주,2025-07-11,29.4,
156,광주,2025-07-12,28.9,
156,광주,2025-07-13,23.8,50.2
156,광주,2025-07-14,24.8,
156,광주,2025-07-15,24.2,.3
156,광주,2025-07-16,24.4,8.9
156,광주,2025-07-17,23.5,426.4
156,광주,2025-07-18,24.6,20.7
156,광주,2025-07-19,25.2,80.1
156,광주,2025-07-20,27.7,
156,광주,2025-07-21,26.8,3.4
156,광주,2025-07-22,28.2,0
156,광주,2025-07-23,28.8,
156,광주,2025-07-24,29.8,
156,광주,2025-07-25,30,
156,광주,2025-07-26,30.4,
156,광주,2025-07-27,30.4,
156,광주,2025-07-28,29.4,32.8
156,광주,2025-07-29,29.8,
156,광주,2025-07-30,29.1,
156,광주,2025-07-31,29.8,
156,광주,2025-08-01,29.8,
156,광주,2025-08-02,28.6,10.7
156,광주,2025-08-03,26.4,186.7
156,광주,2025-08-04,26.7,22.6
156,광주,2025-08-05,28,1.9
156,광주,2025-08-06,27.7,.7
156,광주,2025-08-07,28.1,
156,광주,2025-08-08,26.8,
156,광주,2025-08-09,23.5,24.3
156,광주,2025-08-10,25.9,33.8
156,광주,2025-08-11,23.5,11.2
156,광주,2025-08-12,23,47
156,광주,2025-08-13,27.5,2.1
156,광주,2025-08-14,27.8,8.7
156,광주,2025-08-15,28.7,
156,광주,2025-08-16,28.4,
156,광주,2025-08-17,28.3,
156,광주,2025-08-18,28.5,
156,광주,2025-08-19,29,
156,광주,2025-08-20,28.7,
156,광주,2025-08-21,29.3,
156,광주,2025-08-22,29.2,
156,광주,2025-08-23,29.2,
156,광주,2025-08-24,29.3,
156,광주,2025-08-25,29.7,
156,광주,2025-08-26,27.2,31
156,광주,2025-08-27,28.1,
156,광주,2025-08-28,28.7,
156,광주,2025-08-29,29.4,
156,광주,2025-08-30,28.6,6
156,광주,2025-08-31,25.6,45.9
159,부산,2024-07-01,24.2,.1
159,부산,2024-07-02,23.6,34.8
159,부산,2024-07-03,25.2,.6
159,부산,2024-07-04,25.8,0
159,부산,2024-07-05,24.6,3.2
159,부산,2024-07-06,24.9,
159,부산,2024-07-07,25.8,
159,부산,2024-07-08,25.1,0
159,부산,2024-07-09,25.2,1.4
159,부산,2024-07-10,23.5,32.5
159,부산,2024-07-11,22.7,0
159,부산,2024-07-12,24.1,
159,부산,2024-07-13,24.5,.5
159,부산,2024-07-14,22.8,54.9
159,부산,2024-07-15,23.9,4.5
159,부산,2024-07-16,23.3,43.7
159,부산,2024-07-17,25.6,
159,부산,2024-07-18,25.5,1.1
159,부산,2024-07-19,25.2,6.5
159,부산,2024-07-20,27.2,
159,부산,2024-07-21,28.2,.1
159,부산,2024-07-22,28,
159,부산,2024-07-23,28.3,.7
159,부산,2024-07-24,24.8,176.3
159,부산,2024-07-25,28.2,1.5
159,부산,2024-07-26,28.8,0
159,부산,2024-07-27,28.8,
159,부산,2024-07-28,29.2,
159,부산,2024-07-29,29.1,
159,부산,2024-07-30,29.4,
159,부산,2024-07-31,29.7,
159,부산,2024-08-01,29.6,
159,부산,2024-08-02,29.9,
159,부산,2024-08-03,30.5,
159,부산,2024-08-04,30.2,
159,부산,2024-08-05,29.7,
159,부산,2024-08-06,29.4,.3
159,부산,2024-08-07,29.4,1.2
159,부산,2024-08-08,29.6,9.7
159,부산,2024-08-09,29.6,
159,부산,2024-08-10,29.4,
159,부산,2024-08-11,28.7,
159,부산,2024-08-12,28.7,
159,부산,2024-08-13,28.7,
159,부산,2024-08-14,29.3,
159,부산,2024-08-15,29.5,
159,부산,2024-08-16,29.6,
159,부산,2024-08-17,29.3,
159,부산,2024-08-18,29.1,
159,부산,2024-08-19,29.6,0
159,부산,2024-08-20,28.1,49.5
159,부산,2024-08-21,28.3,13.4
159,부산,2024-08-22,29.1,7.8
159,부산,2024-08-23,29.3,0
159,부산,2024-08-24,29.5,
159,부산,2024-08-25,29.1,
159,부산,2024-08-26,29.1,
159,부산,2024-08-27,28.2,0
159,부산,2024-08-28,26.9,1.1
159,부산,2024-08-29,28.5,3
159,부산,2024-08-30,29.1,.5
159,부산,2024-08-31,27.7,
159,부산,2024-09-01,27.6,
159,부산,2024-09-02,27.3,.5
159,부산,2024-09-03,25.6,0
159,부산,2024-09-04,26.2,
159,부산,2024-09-05,27.5,
159,부산,2024-09-06,27.9,
159,부산,2024-09-07,27.8,
159,부산,2024-09-08,28.7,
159,부산,2024-09-09,28.5,
159,부산,2024-09-10,29.4,
159,부산,2024-09-11,28.5,15.1
159,부산,2024-09-12,29,
159,부산,2024-09-13,29.3,
159,부산,2024-09-14,29.5,
159,부산,2024-09-15,28.8,0
159,부산,2024-09-16,27.7,.3
159,부산,2024-09-17,29.7,
159,부산,2024-09-18,29.9,
159,부산,2024-09-19,30.1,
159,부산,2024-09-20,27.8,24.9
159,부산,2024-09-21,22.4,378.5
159,부산,2024-09-22,21.6,.8
159,부산,2024-09-23,21.3,
159,부산,2024-09-24,22.4,
159,부산,2024-09-25,24,0
159,부산,2024-09-26,25.4,
159,부산,2024-09-27,25.2,
159,부산,2024-09-28,24.3,.2
159,부산,2024-09-29,23.2,0
159,부산,2024-09-30,24,
159,부산,2024-10-01,23.7,0
159,부산,2024-10-02,19.3,0
159,부산,2024-10-03,17.7,12.2
159,부산,2024-10-04,19,.3
159,부산,2024-10-05,21.1,0
159,부산,2024-10-06,19.6,4
159,부산,2024-10-07,17.3,5
159,부산,2024-10-08,19.5,.1
159,부산,2024-10-09,19.3,
159,부산,2024-10-10,19.8,0
159,부산,2024-10-11,20.8,
159,부산,2024-10-12,21.1,
159,부산,2024-10-13,21.5,
159,부산,2024-10-14,21.8,33.2
159,부산,2024-10-15,21.8,18.6
159,부산,2024-10-16,21.9,
159,부산,2024-10-17,21,
159,부산,2024-10-18,22.9,22.1
159,부산,2024-10-19,20.1,1.5
159,부산,2024-10-20,15.7,0
159,부산,2024-10-21,19.8,.4
159,부산,2024-10-22,20.2,105.7
159,부산,2024-10-23,18,
159,부산,2024-10-24,16.3,
159,부산,2024-10-25,19,
159,부산,2024-10-26,19.4,
159,부산,2024-10-27,17.4,5.4
159,부산,2024-10-28,17,.3
159,부산,2024-10-29,17.3,
159,부산,2024-10-30,17.9,
159,부산,2024-10-31,18.5,
159,부산,2024-11-01,15.5,42.3
159,부산,2024-11-02,17.8,27.2
159,부산,2024-11-03,17.7,
159,부산,2024-11-04,18,
159,부산,2024-11-05,14.7,
159,부산,2024-11-06,11.8,
159,부산,2024-11-07,15,0
159,부산,2024-11-08,16,0
159,부산,2024-11-09,17,
159,부산,2024-11-10,16.8,0
159,부산,2024-11-11,17.3,
159,부산,2024-11-12,17.2,
159,부산,2024-11-13,16.6,
159,부산,2024-11-14,17,
159,부산,2024-11-15,17.2,.2
159,부산,2024-11-16,19.1,
159,부산,2024-11-17,15.1,
159,부산,2024-11-18,8.5,
159,부산,2024-11-19,10.6,
159,부산,2024-11-20,11.5,
159,부산,2024-11-21,12.5,
159,부산,2024-11-22,11.2,
159,부산,2024-11-23,10.9,
159,부산,2024-11-24,11.5,
159,부산,2024-11-25,13.3,.3
159,부산,2024-11-26,11.6,29.1
159,부산,2024-11-27,6.6,0
159,부산,2024-11-28,6.9,
159,부산,2024-11-29,6.6,
159,부산,2024-11-30,8.7,
159,부산,2024-12-01,11.3,0
159,부산,2024-12-02,13.9,
159,부산,2024-12-03,9.4,
159,부산,2024-12-04,6.7,
159,부산,2024-12-05,7.8,
159,부산,2024-12-06,7.9,
159,부산,2024-12-07,5.2,
159,부산,2024-12-08,4.2,
159,부산,2024-12-09,4.8,
159,부산,2024-12-10,6.5,
159,부산,2024-12-11,7.6,
159,부산,2024-12-12,6.4,
159,부산,2024-12-13,4.7,
159,부산,2024-12-14,3.3,
159,부산,2024-12-15,5.2,
159,부산,2024-12-16,5,
159,부산,2024-12-17,5.2,
159,부산,2024-12-18,2.2,
159,부산,2024-12-19,3.8,
159,부산,2024-12-20,6.6,
159,부산,2024-12-21,4.4,
159,부산,2024-12-22,1.3,
159,부산,2024-12-23,4.2,
159,부산,2024-12-24,5,
159,부산,2024-12-25,6.5,
159,부산,2024-12-26,6.2,
159,부산,2024-12-27,2.3,
159,부산,2024-12-28,1.5,
159,부산,2024-12-29,4.2,
159,부산,2024-12-30,8.2,
159,부산,2024-12-31,6.7,
159,부산,2025-01-01,5.3,
159,부산,2025-01-02,6.7,
159,부산,2025-01-03,2.7,
159,부산,2025-01-04,3.2,
159,부산,2025-01-05,6.1,0
159,부산,2025-01-06,5.5,0
159,부산,2025-01-07,1.4,0
159,부산,2025-01-08,3,
159,부산,2025-01-09,-3.5,
159,부산,2025-01-10,-4.2,
159,부산,2025-01-11,-.9,
159,부산,2025-01-12,.9,
159,부산,2025-01-13,2.7,
159,부산,2025-01-14,6.6,
159,부산,2025-01-15,1.8,
159,부산,2025-01-16,1.9,
159,부산,2025-01-17,4.2,
159,부산,2025-01-18,6.8,
159,부산,2025-01-19,7.5,
159,부산,2025-01-20,6.7,
159,부산,2025-01-21,7.1,
159,부산,2025-01-22,8.5,
159,부산,2025-01-23,8.7,
159,부산,2025-01-24,8.6,
159,부산,2025-01-25,6.6,0
159,부산,2025-01-26,5.7,.5
159,부산,2025-01-27,3.6,7.1
159,부산,2025-01-28,1.2,
159,부산,2025-01-29,1.1,
159,부산,2025-01-30,2.2,
159,부산,2025-01-31,5.9,0
159,부산,2025-02-01,5.7,20.6
159,부산,2025-02-02,6.2,
159,부산,2025-02-03,2.3,
159,부산,2025-02-04,-2.5,
159,부산,2025-02-05,-2.5,
159,부산,2025-02-06,-1.4,
159,부산,2025-02-07,-2.3,0
159,부산,2025-02-08,-3,
159,부산,2025-02-09,-.6,
159,부산,2025-02-10,1.2,
159,부산,2025-02-11,4.2,
159,부산,2025-02-12,4.8,11.3
159,부산,2025-02-13,2.7,
159,부산,2025-02-14,5.5,
159,부산,2025-02-15,6.7,0
159,부산,2025-02-16,8.5,
159,부산,2025-02-17,4.7,
159,부산,2025-02-18,1.6,
159,부산,2025-02-19,1.5,
159,부산,2025-02-20,1.5,
159,부산,2025-02-21,1.2,
159,부산,2025-02-22,1.7,
159,부산,2025-02-23,.6,
159,부산,2025-02-24,1.4,
159,부산,2025-02-25,4.6,
159,부산,2025-02-26,6.9,
159,부산,2025-02-27,8.6,0
159,부산,2025-02-28,10.8,.1
159,부산,2025-03-01,11.9,1.1
159,부산,2025-03-02,11.6,7.9
159,부산,2025-03-03,4.5,11.3
159,부산,2025-03-04,4.4,9.2
159,부산,2025-03-05,6.7,0
159,부산,2025-03-06,6.2,0
159,부산,2025-03-07,7,
159,부산,2025-03-08,8.7,0
159,부산,2025-03-09,8.7,
159,부산,2025-03-10,9.7,
159,부산,2025-03-11,11.2,
159,부산,2025-03-12,12.9,
159,부산,2025-03-13,12,
159,부산,2025-03-14,12.1,
159,부산,2025-03-15,8.1,8.3
159,부산,2025-03-16,5.7,7
159,부산,2025-03-17,5,
159,부산,2025-03-18,3.8,.3
159,부산,2025-03-19,4.9,
159,부산,2025-03-20,8.5,
159,부산,2025-03-21,13.1,
159,부산,2025-03-22,16.4,
159,부산,2025-03-23,15.5,
159,부산,2025-03-24,14.8,.5
159,부산,2025-03-25,15.7,
159,부산,2025-03-26,16.7,1.1
159,부산,2025-03-27,16,4.9
159,부산,2025-03-28,10.9,.4
159,부산,2025-03-29,7.8,
159,부산,2025-03-30,5.5,
159,부산,2025-03-31,7.6,
159,부산,2025-04-01,10.1,
159,부산,2025-04-02,10.6,0
159,부산,2025-04-03,10.1,
159,부산,2025-04-04,10.8,
159,부산,2025-04-05,11.9,0
159,부산,2025-04-06,12.7,
159,부산,2025-04-07,13.6,
159,부산,2025-04-08,15.8,
159,부산,2025-04-09,14.3,0
159,부산,2025-04-10,15.4,
159,부산,2025-04-11,15,
159,부산,2025-04-12,13.3,12
159,부산,2025-04-13,9.8,21.5
159,부산,2025-04-14,8.9,7
159,부산,2025-04-15,10.9,
159,부산,2025-04-16,14.4,
159,부산,2025-04-17,16.9,0
159,부산,2025-04-18,18.2,
159,부산,2025-04-19,17.8,0
159,부산,2025-04-20,14.7,1.5
159,부산,2025-04-21,15.6,
159,부산,2025-04-22,15.6,33.3
159,부산,2025-04-23,14.2,
159,부산,2025-04-24,15.5,
159,부산,2025-04-25,15.3,
159,부산,2025-04-26,15.2,
159,부산,2025-04-27,17.4,
159,부산,2025-04-28,17.5,
159,부산,2025-04-29,13.7,
159,부산,2025-04-30,16,
159,부산,2025-05-01,16.2,19
159,부산,2025-05-02,16.1,
159,부산,2025-05-03,14.2,2.4
159,부산,2025-05-04,15.2,
159,부산,2025-05-05,15.3,3
159,부산,2025-05-06,13.3,5.5
159,부산,2025-05-07,14.5,
159,부산,2025-05-08,17.3,
159,부산,2025-05-09,15.8,38.8
159,부산,2025-05-10,15.9,
159,부산,2025-05-11,15.3,.6
159,부산,2025-05-12,17.4,
159,부산,2025-05-13,17.7,
159,부산,2025-05-14,18.7,
159,부산,2025-05-15,18.4,1.4
159,부산,2025-05-16,18.8,58
159,부산,2025-05-17,18.6,.6
159,부산,2025-05-18,18.1,
159,부산,2025-05-19,19,
159,부산,2025-05-20,21.6,0
159,부산,2025-05-21,22.2,0
159,부산,2025-05-22,18.2,
159,부산,2025-05-23,17.9,
159,부산,2025-05-24,14.6,3.1
159,부산,2025-05-25,15.9,.3
159,부산,2025-05-26,17.6,
159,부산,2025-05-27,19,
159,부산,2025-05-28,19.9,
159,부산,2025-05-29,18.8,
159,부산,2025-05-30,18.6,
159,부산,2025-05-31,19.6,
159,부산,2025-06-01,20.5,
159,부산,2025-06-02,19,1
159,부산,2025-06-03,19.8,4.3
159,부산,2025-06-04,22.2,
159,부산,2025-06-05,21.2,
159,부산,2025-06-06,20.9,0
159,부산,2025-06-07,22.5,
159,부산,2025-06-08,22.5,
159,부산,2025-06-09,21.4,
159,부산,2025-06-10,22.1,
159,부산,2025-06-11,23.8,
159,부산,2025-06-12,21.5,
159,부산,2025-06-13,21.3,11.8
159,부산,2025-06-14,21.5,166.7
159,부산,2025-06-15,21.5,6.7
159,부산,2025-06-16,21.7,9.7
159,부산,2025-06-17,22.2,
159,부산,2025-06-18,20.6,
159,부산,2025-06-19,23.8,
159,부산,2025-06-20,23.4,2.7
159,부산,2025-06-21,23.2,7.6
159,부산,2025-06-22,20.8,35.8
159,부산,2025-06-23,24.4,
159,부산,2025-06-24,21.2,44.8
159,부산,2025-06-25,21.8,1.6
159,부산,2025-06-26,22.8,
159,부산,2025-06-27,24.2,
159,부산,2025-06-28,25.3,
159,부산,2025-06-29,25.9,
159,부산,2025-06-30,26.2,
159,부산,2025-07-01,27,
159,부산,2025-07-02,27.8,
159,부산,2025-07-03,28,
159,부산,2025-07-04,27.6,
159,부산,2025-07-05,27.8,
159,부산,2025-07-06,27.9,
159,부산,2025-07-07,30.1,
159,부산,2025-07-08,29.4,
159,부산,2025-07-09,28.5,
159,부산,2025-07-10,28,
159,부산,2025-07-11,27.3,
159,부산,2025-07-12,26.7,
159,부산,2025-07-13,26,111
159,부산,2025-07-14,24.2,49.3
159,부산,2025-07-15,24.7,6
159,부산,2025-07-16,25.3,.2
159,부산,2025-07-17,25.9,0
159,부산,2025-07-18,24.5,27.8
159,부산,2025-07-19,24.1,47.5
159,부산,2025-07-20,27.6,
159,부산,2025-07-21,28.1,
159,부산,2025-07-22,29.1,
159,부산,2025-07-23,29.4,
159,부산,2025-07-24,28.7,
159,부산,2025-07-25,29.6,
159,부산,2025-07-26,29.9,
159,부산,2025-07-27,29.9,
159,부산,2025-07-28,29.6,
159,부산,2025-07-29,29.2,
159,부산,2025-07-30,29.1,
159,부산,2025-07-31,29.3,
159,부산,2025-08-01,29.4,
159,부산,2025-08-02,29.7,
159,부산,2025-08-03,29.3,7.8
159,부산,2025-08-04,28.8,12.9
159,부산,2025-08-05,28.6,4.9
159,부산,2025-08-06,28.5,2.4
159,부산,2025-08-07,29.5,
159,부산,2025-08-08,27.4,
159,부산,2025-08-09,24.9,5.2
159,부산,2025-08-10,23.5,39.3
159,부산,2025-08-11,24.1,11.2
159,부산,2025-08-12,23,74.1
159,부산,2025-08-13,27.6,
159,부산,2025-08-14,28.7,
159,부산,2025-08-15,29.5,
159,부산,2025-08-16,29.4,
159,부산,2025-08-17,29.1,
159,부산,2025-08-18,29.1,
159,부산,2025-08-19,29,
159,부산,2025-08-20,29,
159,부산,2025-08-21,29.7,
159,부산,2025-08-22,29.5,
159,부산,2025-08-23,29.7,
159,부산,2025-08-24,29.6,
159,부산,2025-08-25,29.4,
159,부산,2025-08-26,29,
159,부산,2025-08-27,28.7,
159,부산,2025-08-28,28.6,
159,부산,2025-08-29,29.3,
159,부산,2025-08-30,29.7,
159,부산,2025-08-31,28.2,.9
296,북부산,2024-07-01,26,
296,북부산,2024-07-02,24.8,47
296,북부산,2024-07-03,26.2,.5
296,북부산,2024-07-04,26.9,
296,북부산,2024-07-05,26.6,1.5
296,북부산,2024-07-06,26.2,
296,북부산,2024-07-07,26.8,
296,북부산,2024-07-08,26.1,0
296,북부산,2024-07-09,26.3,3
296,북부산,2024-07-10,25.5,29.5
296,북부산,2024-07-11,24.1,0
296,북부산,2024-07-12,25.4,
296,북부산,2024-07-13,25.4,0
296,북부산,2024-07-14,24,40
296,북부산,2024-07-15,25.5,.5
296,북부산,2024-07-16,24.3,28.5
296,북부산,2024-07-17,26.6,
296,북부산,2024-07-18,26.4,1
296,북부산,2024-07-19,25.6,14
296,북부산,2024-07-20,27.4,.5
296,북부산,2024-07-21,29.1,1
296,북부산,2024-07-22,28.9,
296,북부산,2024-07-23,29.5,1.5
296,북부산,2024-07-24,26.5,47
296,북부산,2024-07-25,29,1.5
296,북부산,2024-07-26,29.3,0
296,북부산,2024-07-27,29.3,0
296,북부산,2024-07-28,29.9,0
296,북부산,2024-07-29,30.2,
296,북부산,2024-07-30,30.9,
296,북부산,2024-07-31,30.3,
296,북부산,2024-08-01,29.9,
296,북부산,2024-08-02,30.2,
296,북부산,2024-08-03,31.3,2
296,북부산,2024-08-04,30.7,0
296,북부산,2024-08-05,30.5,
296,북부산,2024-08-06,29.3,4.5
296,북부산,2024-08-07,29.6,0
296,북부산,2024-08-08,28.9,8.5
296,북부산,2024-08-09,29.2,
296,북부산,2024-08-10,29.5,
296,북부산,2024-08-11,28.7,
296,북부산,2024-08-12,28.8,
296,북부산,2024-08-13,28.9,
296,북부산,2024-08-14,29.4,
296,북부산,2024-08-15,29.5,
296,북부산,2024-08-16,29.4,
296,북부산,2024-08-17,29.9,
296,북부산,2024-08-18,29.3,
296,북부산,2024-08-19,29.9,0
296,북부산,2024-08-20,29.1,38
296,북부산,2024-08-21,28.8,10.5
296,북부산,2024-08-22,29.8,0
296,북부산,2024-08-23,29.8,0
296,북부산,2024-08-24,29.1,
296,북부산,2024-08-25,29,
296,북부산,2024-08-26,28.9,5
296,북부산,2024-08-27,28,0
296,북부산,2024-08-28,27.1,2
296,북부산,2024-08-29,29.2,3
296,북부산,2024-08-30,29.8,0
296,북부산,2024-08-31,27.8,
296,북부산,2024-09-01,27.3,
296,북부산,2024-09-02,27.3,0
296,북부산,2024-09-03,25.7,1
296,북부산,2024-09-04,26.1,
296,북부산,2024-09-05,26.4,
296,북부산,2024-09-06,27.2,0
296,북부산,2024-09-07,27.9,
296,북부산,2024-09-08,28.3,0
296,북부산,2024-09-09,28.8,
296,북부산,2024-09-10,29.3,
296,북부산,2024-09-11,28.5,5
296,북부산,2024-09-12,28.3,1.5
296,북부산,2024-09-13,29,
296,북부산,2024-09-14,29.4,
296,북부산,2024-09-15,29,0
296,북부산,2024-09-16,28,0
296,북부산,2024-09-17,29.9,
296,북부산,2024-09-18,30.1,
296,북부산,2024-09-19,29.9,
296,북부산,2024-09-20,27.5,33
296,북부산,2024-09-21,22.9,369
296,북부산,2024-09-22,22.3,1
296,북부산,2024-09-23,21.3,
296,북부산,2024-09-24,22.1,
296,북부산,2024-09-25,23.6,
296,북부산,2024-09-26,24.1,
296,북부산,2024-09-27,24.5,
296,북부산,2024-09-28,24.1,8
296,북부산,2024-09-29,23.7,
296,북부산,2024-09-30,23.1,
296,북부산,2024-10-01,23.4,0
296,북부산,2024-10-02,19.8,0
296,북부산,2024-10-03,18.3,7.5
296,북부산,2024-10-04,18.3,.5
296,북부산,2024-10-05,19.4,
296,북부산,2024-10-06,19.4,4
296,북부산,2024-10-07,17.9,4.5
296,북부산,2024-10-08,20.1,0
296,북부산,2024-10-09,19.7,
296,북부산,2024-10-10,18.6,0
296,북부산,2024-10-11,18.6,1
296,북부산,2024-10-12,18.8,
296,북부산,2024-10-13,20.2,
296,북부산,2024-10-14,21.9,29.5
296,북부산,2024-10-15,22.2,8.5
296,북부산,2024-10-16,21,
296,북부산,2024-10-17,20.8,
296,북부산,2024-10-18,23.2,48.5
296,북부산,2024-10-19,20.1,1.5
296,북부산,2024-10-20,16.1,
296,북부산,2024-10-21,19.2,.5
296,북부산,2024-10-22,20.3,75.5
296,북부산,2024-10-23,18,
296,북부산,2024-10-24,14.9,
296,북부산,2024-10-25,18.5,
296,북부산,2024-10-26,18.2,
296,북부산,2024-10-27,16.1,3.5
296,북부산,2024-10-28,17.1,0
296,북부산,2024-10-29,17.3,
296,북부산,2024-10-30,16.2,
296,북부산,2024-10-31,17.2,
296,북부산,2024-11-01,15.5,38.5
296,북부산,2024-11-02,18.5,20.5
296,북부산,2024-11-03,16.5,
296,북부산,2024-11-04,15.7,
296,북부산,2024-11-05,13.7,
296,북부산,2024-11-06,10.4,
296,북부산,2024-11-07,11.3,
296,북부산,2024-11-08,13.7,
296,북부산,2024-11-09,15,
296,북부산,2024-11-10,14.5,
296,북부산,2024-11-11,14.7,
296,북부산,2024-11-12,14.2,
296,북부산,2024-11-13,14.5,
296,북부산,2024-11-14,15.1,
296,북부산,2024-11-15,16.4,0
296,북부산,2024-11-16,18,
296,북부산,2024-11-17,14.2,
296,북부산,2024-11-18,8.8,
296,북부산,2024-11-19,10.2,
296,북부산,2024-11-20,9.3,
296,북부산,2024-11-21,9.6,
296,북부산,2024-11-22,8.7,
296,북부산,2024-11-23,9.1,
296,북부산,2024-11-24,10.3,
296,북부산,2024-11-25,11.2,0
296,북부산,2024-11-26,12.2,23
296,북부산,2024-11-27,6,0
296,북부산,2024-11-28,6.6,
296,북부산,2024-11-29,6.3,0
296,북부산,2024-11-30,6.7,
296,북부산,2024-12-01,8.1,0
296,북부산,2024-12-02,11,
296,북부산,2024-12-03,9,
296,북부산,2024-12-04,5.3,
296,북부산,2024-12-05,5.6,
296,북부산,2024-12-06,6.9,
296,북부산,2024-12-07,4.5,
296,북부산,2024-12-08,3.7,
296,북부산,2024-12-09,3.5,
296,북부산,2024-12-10,4.5,
296,북부산,2024-12-11,5.1,
296,북부산,2024-12-12,3.6,
296,북부산,2024-12-13,4.3,
296,북부산,2024-12-14,3,
296,북부산,2024-12-15,3.6,
296,북부산,2024-12-16,3,
296,북부산,2024-12-17,3.1,
296,북부산,2024-12-18,1.4,
296,북부산,2024-12-19,1.8,
296,북부산,2024-12-20,3,
296,북부산,2024-12-21,3.2,0
296,북부산,2024-12-22,1.3,
296,북부산,2024-12-23,3,
296,북부산,2024-12-24,2.1,
296,북부산,2024-12-25,3.6,
296,북부산,2024-12-26,5.1,
296,북부산,2024-12-27,1.9,
296,북부산,2024-12-28,1.3,0
296,북부산,2024-12-29,1.6,
296,북부산,2024-12-30,6,
296,북부산,2024-12-31,5.2,
296,북부산,2025-01-01,1.4,
296,북부산,2025-01-02,2.7,
296,북부산,2025-01-03,1.3,
296,북부산,2025-01-04,0,
296,북부산,2025-01-05,3,0
296,북부산,2025-01-06,3.7,
296,북부산,2025-01-07,1.5,0
296,북부산,2025-01-08,2.4,0
296,북부산,2025-01-09,-3.4,0
296,북부산,2025-01-10,-4,
296,북부산,2025-01-11,-1.4,
296,북부산,2025-01-12,.2,
296,북부산,2025-01-13,.5,
296,북부산,2025-01-14,4.3,
296,북부산,2025-01-15,1.3,
296,북부산,2025-01-16,1.2,
296,북부산,2025-01-17,1,
296,북부산,2025-01-18,2.4,
296,북부산,2025-01-19,3,
296,북부산,2025-01-20,2.7,
296,북부산,2025-01-21,2.8,
296,북부산,2025-01-22,4,
296,북부산,2025-01-23,5,
296,북부산,2025-01-24,6,
296,북부산,2025-01-25,6.7,0
296,북부산,2025-01-26,6.2,0
296,북부산,2025-01-27,3.2,3.5
296,북부산,2025-01-28,1.6,
296,북부산,2025-01-29,.8,
296,북부산,2025-01-30,.1,
296,북부산,2025-01-31,3.8,0
296,북부산,2025-02-01,5.3,11
296,북부산,2025-02-02,4.7,
296,북부산,2025-02-03,2.3,
296,북부산,2025-02-04,-2.4,
296,북부산,2025-02-05,-2.5,
296,북부산,2025-02-06,-1.9,
296,북부산,2025-02-07,-3.1,0
296,북부산,2025-02-08,-2.9,
296,북부산,2025-02-09,-1.3,
296,북부산,2025-02-10,.6,
296,북부산,2025-02-11,1.6,
296,북부산,2025-02-12,2.8,11
296,북부산,2025-02-13,2,
296,북부산,2025-02-14,3.6,
296,북부산,2025-02-15,3.2,
296,북부산,2025-02-16,6.5,
296,북부산,2025-02-17,4.8,
296,북부산,2025-02-18,1.8,
296,북부산,2025-02-19,.8,
296,북부산,2025-02-20,1.3,
296,북부산,2025-02-21,1.3,
296,북부산,2025-02-22,.4,
296,북부산,2025-02-23,.8,
296,북부산,2025-02-24,1.4,
296,북부산,2025-02-25,4.5,
296,북부산,2025-02-26,5.5,
296,북부산,2025-02-27,6.1,0
296,북부산,2025-02-28,10.3,0
296,북부산,2025-03-01,10,.5
296,북부산,2025-03-02,11.9,6
296,북부산,2025-03-03,5,8
296,북부산,2025-03-04,4.7,5.5
296,북부산,2025-03-05,7,0
296,북부산,2025-03-06,6.5,0
296,북부산,2025-03-07,5.7,
296,북부산,2025-03-08,7.6,0
296,북부산,2025-03-09,6.8,
296,북부산,2025-03-10,7.5,
296,북부산,2025-03-11,9.1,
296,북부산,2025-03-12,10.7,
296,북부산,2025-03-13,10.9,
296,북부산,2025-03-14,11.4,
296,북부산,2025-03-15,8.7,2.5
296,북부산,2025-03-16,6.4,3.5
296,북부산,2025-03-17,4.7,
296,북부산,2025-03-18,3.9,0
296,북부산,2025-03-19,4.6,
296,북부산,2025-03-20,7.9,
296,북부산,2025-03-21,12.9,
296,북부산,2025-03-22,15,
296,북부산,2025-03-23,15.1,
296,북부산,2025-03-24,15.4,0
296,북부산,2025-03-25,16.3,
296,북부산,2025-03-26,16.7,0
296,북부산,2025-03-27,16.9,.5
296,북부산,2025-03-28,12.1,.5
296,북부산,2025-03-29,7.7,
296,북부산,2025-03-30,5.3,
296,북부산,2025-03-31,6.5,
296,북부산,2025-04-01,9.5,
296,북부산,2025-04-02,10.5,0
296,북부산,2025-04-03,9.4,0
296,북부산,2025-04-04,9.9,
296,북부산,2025-04-05,11.2,0
296,북부산,2025-04-06,11.7,
296,북부산,2025-04-07,12.8,
296,북부산,2025-04-08,17.1,
296,북부산,2025-04-09,14.3,0
296,북부산,2025-04-10,16,0
296,북부산,2025-04-11,14.9,
296,북부산,2025-04-12,13.8,9.5
296,북부산,2025-04-13,10,19
296,북부산,2025-04-14,8.6,5
296,북부산,2025-04-15,11.1,0
296,북부산,2025-04-16,13.6,
296,북부산,2025-04-17,16.7,0
296,북부산,2025-04-18,18.9,0
296,북부산,2025-04-19,19.1,0
296,북부산,2025-04-20,16.7,0
296,북부산,2025-04-21,18,
296,북부산,2025-04-22,16.4,24
296,북부산,2025-04-23,16,
296,북부산,2025-04-24,17.1,
296,북부산,2025-04-25,15.5,
296,북부산,2025-04-26,13.8,
296,북부산,2025-04-27,17.1,
296,북부산,2025-04-28,17.8,
296,북부산,2025-04-29,13.9,
296,북부산,2025-04-30,15.4,
296,북부산,2025-05-01,15.9,22
296,북부산,2025-05-02,15.8,
296,북부산,2025-05-03,13.5,2.6
296,북부산,2025-05-04,14.3,
296,북부산,2025-05-05,14.1,2
296,북부산,2025-05-06,13.3,4
296,북부산,2025-05-07,14.3,
296,북부산,2025-05-08,17,
296,북부산,2025-05-09,16.2,26.7
296,북부산,2025-05-10,16.8,
296,북부산,2025-05-11,14.8,2
296,북부산,2025-05-12,16.3,
296,북부산,2025-05-13,16.8,
296,북부산,2025-05-14,18.2,
296,북부산,2025-05-15,19.2,.3
296,북부산,2025-05-16,19.5,39.1
296,북부산,2025-05-17,20.2,.7
296,북부산,2025-05-18,18.6,
296,북부산,2025-05-19,19.3,0
296,북부산,2025-05-20,22.8,
296,북부산,2025-05-21,24.1,0
296,북부산,2025-05-22,18.9,
296,북부산,2025-05-23,18.6,
296,북부산,2025-05-24,15.1,1.7
296,북부산,2025-05-25,16.7,.1
296,북부산,2025-05-26,17.8,
296,북부산,2025-05-27,18.7,
296,북부산,2025-05-28,19.9,
296,북부산,2025-05-29,19.7,
296,북부산,2025-05-30,19.5,
296,북부산,2025-05-31,19.6,
296,북부산,2025-06-01,20.2,
296,북부산,2025-06-02,19.3,.7
296,북부산,2025-06-03,21,4.7
296,북부산,2025-06-04,22.3,
296,북부산,2025-06-05,20.9,
296,북부산,2025-06-06,20.4,.1
296,북부산,2025-06-07,21.8,
296,북부산,2025-06-08,23.2,
296,북부산,2025-06-09,23,
296,북부산,2025-06-10,23.6,
296,북부산,2025-06-11,25,
296,북부산,2025-06-12,22.2,
296,북부산,2025-06-13,21.8,27.4
296,북부산,2025-06-14,22.5,107.2
296,북부산,2025-06-15,23.5,2.9
296,북부산,2025-06-16,23.3,8.7
296,북부산,2025-06-17,23,
296,북부산,2025-06-18,23.8,
296,북부산,2025-06-19,24.8,
296,북부산,2025-06-20,24.2,.6
296,북부산,2025-06-21,23.2,8.4
296,북부산,2025-06-22,22,24.1
296,북부산,2025-06-23,24.3,
296,북부산,2025-06-24,21.3,35.4
296,북부산,2025-06-25,22.9,8.1
296,북부산,2025-06-26,24.1,
296,북부산,2025-06-27,26.3,
296,북부산,2025-06-28,26.8,
296,북부산,2025-06-29,27.6,
296,북부산,2025-06-30,27.6,
296,북부산,2025-07-01,27.9,
296,북부산,2025-07-02,29.4,
296,북부산,2025-07-03,28.9,
296,북부산,2025-07-04,28.3,
296,북부산,2025-07-05,28.4,
296,북부산,2025-07-06,29.2,
296,북부산,2025-07-07,30.8,
296,북부산,2025-07-08,30.3,
296,북부산,2025-07-09,29.7,
296,북부산,2025-07-10,28.2,
296,북부산,2025-07-11,27.5,
296,북부산,2025-07-12,27.6,
296,북부산,2025-07-13,26.9,137.9
296,북부산,2025-07-14,24.7,31.4
296,북부산,2025-07-15,24.6,0
296,북부산,2025-07-16,25.5,.7
296,북부산,2025-07-17,25.9,13.3
296,북부산,2025-07-18,25.2,36
296,북부산,2025-07-19,24.2,81.6
296,북부산,2025-07-20,27.3,
296,북부산,2025-07-21,27.7,
296,북부산,2025-07-22,28.7,
296,북부산,2025-07-23,29,
296,북부산,2025-07-24,28.7,
296,북부산,2025-07-25,29.9,
296,북부산,2025-07-26,30.6,
296,북부산,2025-07-27,30.8,
296,북부산,2025-07-28,29.5,
296,북부산,2025-07-29,29.1,
296,북부산,2025-07-30,29.1,
296,북부산,2025-07-31,29.5,
296,북부산,2025-08-01,29.9,
296,북부산,2025-08-02,30.5,
296,북부산,2025-08-03,29.2,7.9
296,북부산,2025-08-04,29.2,9.3
296,북부산,2025-08-05,29,34.2
296,북부산,2025-08-06,29.1,1.8
296,북부산,2025-08-07,29.6,0
296,북부산,2025-08-08,27.2,
296,북부산,2025-08-09,25,2.5
296,북부산,2025-08-10,24,34
296,북부산,2025-08-11,23.7,9.7
296,북부산,2025-08-12,23.1,63.3
296,북부산,2025-08-13,27.6,.3
296,북부산,2025-08-14,28.9,
296,북부산,2025-08-15,29.2,
296,북부산,2025-08-16,29.2,
296,북부산,2025-08-17,29.5,
296,북부산,2025-08-18,29.1,
296,북부산,2025-08-19,29.1,
296,북부산,2025-08-20,28.5,
296,북부산,2025-08-21,29.1,
296,북부산,2025-08-22,29.4,
296,북부산,2025-08-23,29.7,
296,북부산,2025-08-24,29.5,
296,북부산,2025-08-25,29.4,
296,북부산,2025-08-26,29.7,
296,북부산,2025-08-27,28.8,0
296,북부산,2025-08-28,28.1,
296,북부산,2025-08-29,28.9,
296,북부산,2025-08-30,29.5,
296,북부산,2025-08-31,27.9,12.8
